SET foreign_key_checks = 0;
SET SQL_SAFE_UPDATES = 0;
delete from schools;
delete from users;
SET foreign_key_checks = 1;
INSERT INTO schools VALUES ('B04724', 'Widener University - Delaware Law School', '4601 Concord Pike', 'Wilmington', 'DE', '19803');
INSERT INTO schools VALUES ('001858', 'Divine Word College', '102 Jacoby Dr Sw-Po Box 380', 'Epworth', 'IA', '52045');
INSERT INTO schools VALUES ('003738', 'Southern Virginia University', 'One University Hill Drive', 'Buena Vista', 'VA', '24416');
INSERT INTO schools VALUES ('013039', 'South University', '709 Mall Blvd', 'Savannah', 'GA', '31406');
INSERT INTO schools VALUES ('032033', 'New York Institute Of Massage', '4701 Transit Road', 'Williamsville', 'NY', '14221');
INSERT INTO schools VALUES ('042822', 'New York Seminary (The)', '911 Mcdonald Avenue', 'Brooklyn', 'NY', '11218');
INSERT INTO users (username, hash, profile_img_url, student_flag, admin_flag) VALUES ('ibbison', '7458920291726850599', 'profile_img/ibbison', '0', '1');
INSERT INTO users (username, hash, profile_img_url, student_flag, admin_flag) VALUES ('yokoyokohama', '2977761663448466487', 'profile_img/yokoyokohama', '1', '1');
INSERT INTO users (username, hash, profile_img_url, student_flag, admin_flag) VALUES ('septuor', '-8239686346388234740', 'profile_img/septuor', '1', '1');
INSERT INTO users (username, hash, profile_img_url, student_flag, admin_flag) VALUES ('dorm', '-1389652195787920173', 'profile_img/dorm', '1', '0');
INSERT INTO users (username, hash, profile_img_url, student_flag, admin_flag) VALUES ('tennietenniel', '-3336351880505299527', 'profile_img/tennietenniel', '1', '0');
INSERT INTO users (username, hash, profile_img_url, student_flag, admin_flag) VALUES ('ecto', '9220686313848431777', 'profile_img/ecto', '1', '0');
INSERT INTO users (username, hash, profile_img_url, student_flag, admin_flag) VALUES ('mitchmitchael', '-2609340710298456606', 'profile_img/mitchmitchael', '1', '0');
INSERT INTO users (username, hash, profile_img_url, student_flag, admin_flag) VALUES ('planar', '-175434825612307317', 'profile_img/planar', '1', '0');
INSERT INTO users (username, hash, profile_img_url, student_flag, admin_flag) VALUES ('tonneau', '-363511528570067348', 'profile_img/tonneau', '1', '0');
INSERT INTO users (username, hash, profile_img_url, student_flag, admin_flag) VALUES ('mindful', '-1533368661908290074', 'profile_img/mindful', '1', '0');
INSERT INTO users (username, hash, profile_img_url, student_flag, admin_flag) VALUES ('abbevillian', '6089620112044371437', 'profile_img/abbevillian', '1', '0');
INSERT INTO users (username, hash, profile_img_url, student_flag, admin_flag) VALUES ('convenance', '-1753254395521430987', 'profile_img/convenance', '1', '0');
INSERT INTO attends VALUES ('ibbison', '003738');
INSERT INTO attends VALUES ('yokoyokohama', '032033');
INSERT INTO attends VALUES ('septuor', '013039');
INSERT INTO attends VALUES ('dorm', 'B04724');
INSERT INTO attends VALUES ('tennietenniel', '001858');
INSERT INTO attends VALUES ('ecto', '003738');
INSERT INTO attends VALUES ('mitchmitchael', '003738');
INSERT INTO attends VALUES ('planar', '032033');
INSERT INTO attends VALUES ('tonneau', '013039');
INSERT INTO attends VALUES ('mindful', '003738');
INSERT INTO attends VALUES ('abbevillian', '003738');
INSERT INTO attends VALUES ('convenance', '032033');
ALTER TABLE courses AUTO_INCREMENT = 1;
INSERT INTO courses (number, name, year, semester, professor, school) VALUES ('419', 'Philosophy', '2010', 'Spring', 'Dr. White', '003738');
INSERT INTO courses (number, name, year, semester, professor, school) VALUES ('222', 'Ecology', '2011', 'Fall', 'Dr. Rogers', '003738');
INSERT INTO courses (number, name, year, semester, professor, school) VALUES ('458', 'Modern Algebra', '2012', 'Fall', 'Dr. Wilson', '013039');
INSERT INTO courses (number, name, year, semester, professor, school) VALUES ('123', 'Numerical Methods', '2018', 'Fall', 'Dr. Lopez', '032033');
INSERT INTO courses (number, name, year, semester, professor, school) VALUES ('152', 'Calculus Ii', '2014', 'Spring', 'Dr. Miller', '001858');
INSERT INTO courses (number, name, year, semester, professor, school) VALUES ('462', 'Biology', '2016', 'Fall', 'Dr. Clark', '003738');
INSERT INTO courses (number, name, year, semester, professor, school) VALUES ('421', 'Electromagnetics', '2016', 'Fall', 'Dr. Parker', '042822');
INSERT INTO courses (number, name, year, semester, professor, school) VALUES ('210', 'Ecology', '2014', 'Fall', 'Dr. Carter', '032033');
INSERT INTO courses (number, name, year, semester, professor, school) VALUES ('535', 'Dancing', '2013', 'Spring', 'Dr. Davis', '032033');
INSERT INTO courses (number, name, year, semester, professor, school) VALUES ('234', 'Algorithms', '2015', 'Spring', 'Dr. Cook', '001858');
INSERT INTO courses (number, name, year, semester, professor, school) VALUES ('155', 'Cats', '2013', 'Fall', 'Dr. Powell', '013039');
INSERT INTO courses (number, name, year, semester, professor, school) VALUES ('479', 'Ethics', '2011', 'Spring', 'Dr. Evans', '032033');
ALTER TABLE submissions AUTO_INCREMENT = 1;
INSERT INTO submissions (description, username, course_id) VALUES ('I do not like this class', 'convenance', '1');
INSERT INTO submissions (description, username, course_id) VALUES ('I do not like this class', 'yokoyokohama', '1');
INSERT INTO submissions (description, username, course_id) VALUES ('I do not like this class', 'septuor', '1');
INSERT INTO submissions (description, username, course_id) VALUES ('I do not like this class', 'ibbison', '2');
INSERT INTO submissions (description, username, course_id) VALUES ('I like this class', 'dorm', '2');
INSERT INTO submissions (description, username, course_id) VALUES ('I like this class', 'tennietenniel', '2');
INSERT INTO submissions (description, username, course_id) VALUES ('I do not like this class', 'tennietenniel', '3');
INSERT INTO submissions (description, username, course_id) VALUES ('I do not like this class', 'dorm', '3');
INSERT INTO submissions (description, username, course_id) VALUES ('I like this class', 'planar', '3');
INSERT INTO submissions (description, username, course_id) VALUES ('I like this class', 'mindful', '4');
INSERT INTO submissions (description, username, course_id) VALUES ('I like this class', 'ibbison', '4');
INSERT INTO submissions (description, username, course_id) VALUES ('I do not like this class', 'planar', '4');
INSERT INTO submissions (description, username, course_id) VALUES ('I do not like this class', 'tonneau', '5');
INSERT INTO submissions (description, username, course_id) VALUES ('I do not like this class', 'ibbison', '5');
INSERT INTO submissions (description, username, course_id) VALUES ('I like this class', 'tonneau', '5');
INSERT INTO submissions (description, username, course_id) VALUES ('I do not like this class', 'tonneau', '6');
INSERT INTO submissions (description, username, course_id) VALUES ('I like this class', 'yokoyokohama', '6');
INSERT INTO submissions (description, username, course_id) VALUES ('I do not like this class', 'tennietenniel', '6');
INSERT INTO submissions (description, username, course_id) VALUES ('I do not like this class', 'yokoyokohama', '7');
INSERT INTO submissions (description, username, course_id) VALUES ('I do not like this class', 'dorm', '7');
INSERT INTO submissions (description, username, course_id) VALUES ('I do not like this class', 'tennietenniel', '7');
INSERT INTO submissions (description, username, course_id) VALUES ('I do not like this class', 'septuor', '8');
INSERT INTO submissions (description, username, course_id) VALUES ('I do not like this class', 'tonneau', '8');
INSERT INTO submissions (description, username, course_id) VALUES ('I like this class', 'abbevillian', '8');
INSERT INTO submissions (description, username, course_id) VALUES ('I do not like this class', 'tonneau', '9');
INSERT INTO submissions (description, username, course_id) VALUES ('I do not like this class', 'dorm', '9');
INSERT INTO submissions (description, username, course_id) VALUES ('I do not like this class', 'mindful', '9');
INSERT INTO submissions (description, username, course_id) VALUES ('I do not like this class', 'mindful', '10');
INSERT INTO submissions (description, username, course_id) VALUES ('I do not like this class', 'mitchmitchael', '10');
INSERT INTO submissions (description, username, course_id) VALUES ('I do not like this class', 'dorm', '10');
INSERT INTO submissions (description, username, course_id) VALUES ('I do not like this class', 'yokoyokohama', '11');
INSERT INTO submissions (description, username, course_id) VALUES ('I like this class', 'planar', '11');
INSERT INTO submissions (description, username, course_id) VALUES ('I like this class', 'convenance', '11');
INSERT INTO submissions (description, username, course_id) VALUES ('I do not like this class', 'septuor', '12');
INSERT INTO submissions (description, username, course_id) VALUES ('I like this class', 'ecto', '12');
INSERT INTO submissions (description, username, course_id) VALUES ('I like this class', 'yokoyokohama', '12');
INSERT INTO content (submission_id, url, filename) VALUES ('1', '/data/b2619dc8e3f59da76e7432efc9b185a3.jpg', 'b2619dc8e3f59da76e7432efc9b185a3.jpg');
INSERT INTO content (submission_id, url, filename) VALUES ('2', '/data/4a770738ad8d2809ae81281be770495d.jpg', '4a770738ad8d2809ae81281be770495d.jpg');
INSERT INTO content (submission_id, url, filename) VALUES ('3', '/data/4a770738ad8d2809ae81281be770495d.jpg', '4a770738ad8d2809ae81281be770495d.jpg');
INSERT INTO content (submission_id, url, filename) VALUES ('4', '/data/74eadbb870cac23d18ef018b1bd483b8.jpg', '74eadbb870cac23d18ef018b1bd483b8.jpg');
INSERT INTO content (submission_id, url, filename) VALUES ('5', '/data/74eadbb870cac23d18ef018b1bd483b8.jpg', '74eadbb870cac23d18ef018b1bd483b8.jpg');
INSERT INTO content (submission_id, url, filename) VALUES ('6', '/data/74eadbb870cac23d18ef018b1bd483b8.jpg', '74eadbb870cac23d18ef018b1bd483b8.jpg');
INSERT INTO content (submission_id, url, filename) VALUES ('7', '/data/4a770738ad8d2809ae81281be770495d.jpg', '4a770738ad8d2809ae81281be770495d.jpg');
INSERT INTO content (submission_id, url, filename) VALUES ('8', '/data/4a770738ad8d2809ae81281be770495d.jpg', '4a770738ad8d2809ae81281be770495d.jpg');
INSERT INTO content (submission_id, url, filename) VALUES ('9', '/data/b2619dc8e3f59da76e7432efc9b185a3.jpg', 'b2619dc8e3f59da76e7432efc9b185a3.jpg');
INSERT INTO content (submission_id, url, filename) VALUES ('10', '/data/4a770738ad8d2809ae81281be770495d.jpg', '4a770738ad8d2809ae81281be770495d.jpg');
INSERT INTO content (submission_id, url, filename) VALUES ('11', '/data/74eadbb870cac23d18ef018b1bd483b8.jpg', '74eadbb870cac23d18ef018b1bd483b8.jpg');
INSERT INTO content (submission_id, url, filename) VALUES ('12', '/data/74eadbb870cac23d18ef018b1bd483b8.jpg', '74eadbb870cac23d18ef018b1bd483b8.jpg');
INSERT INTO content (submission_id, url, filename) VALUES ('13', '/data/74eadbb870cac23d18ef018b1bd483b8.jpg', '74eadbb870cac23d18ef018b1bd483b8.jpg');
INSERT INTO content (submission_id, url, filename) VALUES ('14', '/data/74eadbb870cac23d18ef018b1bd483b8.jpg', '74eadbb870cac23d18ef018b1bd483b8.jpg');
INSERT INTO content (submission_id, url, filename) VALUES ('15', '/data/74eadbb870cac23d18ef018b1bd483b8.jpg', '74eadbb870cac23d18ef018b1bd483b8.jpg');
INSERT INTO content (submission_id, url, filename) VALUES ('16', '/data/74eadbb870cac23d18ef018b1bd483b8.jpg', '74eadbb870cac23d18ef018b1bd483b8.jpg');
INSERT INTO content (submission_id, url, filename) VALUES ('17', '/data/b2619dc8e3f59da76e7432efc9b185a3.jpg', 'b2619dc8e3f59da76e7432efc9b185a3.jpg');
INSERT INTO content (submission_id, url, filename) VALUES ('18', '/data/74eadbb870cac23d18ef018b1bd483b8.jpg', '74eadbb870cac23d18ef018b1bd483b8.jpg');
INSERT INTO content (submission_id, url, filename) VALUES ('19', '/data/b2619dc8e3f59da76e7432efc9b185a3.jpg', 'b2619dc8e3f59da76e7432efc9b185a3.jpg');
INSERT INTO content (submission_id, url, filename) VALUES ('20', '/data/74eadbb870cac23d18ef018b1bd483b8.jpg', '74eadbb870cac23d18ef018b1bd483b8.jpg');
INSERT INTO content (submission_id, url, filename) VALUES ('21', '/data/4a770738ad8d2809ae81281be770495d.jpg', '4a770738ad8d2809ae81281be770495d.jpg');
INSERT INTO content (submission_id, url, filename) VALUES ('22', '/data/b2619dc8e3f59da76e7432efc9b185a3.jpg', 'b2619dc8e3f59da76e7432efc9b185a3.jpg');
INSERT INTO content (submission_id, url, filename) VALUES ('23', '/data/b2619dc8e3f59da76e7432efc9b185a3.jpg', 'b2619dc8e3f59da76e7432efc9b185a3.jpg');
INSERT INTO content (submission_id, url, filename) VALUES ('24', '/data/b2619dc8e3f59da76e7432efc9b185a3.jpg', 'b2619dc8e3f59da76e7432efc9b185a3.jpg');
INSERT INTO content (submission_id, url, filename) VALUES ('25', '/data/b2619dc8e3f59da76e7432efc9b185a3.jpg', 'b2619dc8e3f59da76e7432efc9b185a3.jpg');
INSERT INTO content (submission_id, url, filename) VALUES ('26', '/data/4a770738ad8d2809ae81281be770495d.jpg', '4a770738ad8d2809ae81281be770495d.jpg');
INSERT INTO content (submission_id, url, filename) VALUES ('27', '/data/74eadbb870cac23d18ef018b1bd483b8.jpg', '74eadbb870cac23d18ef018b1bd483b8.jpg');
INSERT INTO content (submission_id, url, filename) VALUES ('28', '/data/74eadbb870cac23d18ef018b1bd483b8.jpg', '74eadbb870cac23d18ef018b1bd483b8.jpg');
INSERT INTO content (submission_id, url, filename) VALUES ('29', '/data/74eadbb870cac23d18ef018b1bd483b8.jpg', '74eadbb870cac23d18ef018b1bd483b8.jpg');
INSERT INTO content (submission_id, url, filename) VALUES ('30', '/data/4a770738ad8d2809ae81281be770495d.jpg', '4a770738ad8d2809ae81281be770495d.jpg');
INSERT INTO content (submission_id, url, filename) VALUES ('31', '/data/4a770738ad8d2809ae81281be770495d.jpg', '4a770738ad8d2809ae81281be770495d.jpg');
INSERT INTO content (submission_id, url, filename) VALUES ('32', '/data/4a770738ad8d2809ae81281be770495d.jpg', '4a770738ad8d2809ae81281be770495d.jpg');
INSERT INTO content (submission_id, url, filename) VALUES ('33', '/data/b2619dc8e3f59da76e7432efc9b185a3.jpg', 'b2619dc8e3f59da76e7432efc9b185a3.jpg');
INSERT INTO content (submission_id, url, filename) VALUES ('34', '/data/b2619dc8e3f59da76e7432efc9b185a3.jpg', 'b2619dc8e3f59da76e7432efc9b185a3.jpg');
INSERT INTO content (submission_id, url, filename) VALUES ('35', '/data/b2619dc8e3f59da76e7432efc9b185a3.jpg', 'b2619dc8e3f59da76e7432efc9b185a3.jpg');
INSERT INTO content (submission_id, url, filename) VALUES ('36', '/data/74eadbb870cac23d18ef018b1bd483b8.jpg', '74eadbb870cac23d18ef018b1bd483b8.jpg');
INSERT INTO ratings (submission_id, url, username, rating) VALUES ('1', '/data/b2619dc8e3f59da76e7432efc9b185a3.jpg', 'mindful', '1');
INSERT INTO ratings (submission_id, url, username, rating) VALUES ('1', '/data/b2619dc8e3f59da76e7432efc9b185a3.jpg', 'convenance', '4');
INSERT INTO ratings (submission_id, url, username, rating) VALUES ('1', '/data/b2619dc8e3f59da76e7432efc9b185a3.jpg', 'ibbison', '2');
INSERT INTO ratings (submission_id, url, username, rating) VALUES ('2', '/data/4a770738ad8d2809ae81281be770495d.jpg', 'ibbison', '4');
INSERT INTO ratings (submission_id, url, username, rating) VALUES ('2', '/data/4a770738ad8d2809ae81281be770495d.jpg', 'ibbison', '4');
INSERT INTO ratings (submission_id, url, username, rating) VALUES ('3', '/data/4a770738ad8d2809ae81281be770495d.jpg', 'tonneau', '3');
INSERT INTO ratings (submission_id, url, username, rating) VALUES ('3', '/data/4a770738ad8d2809ae81281be770495d.jpg', 'dorm', '5');
INSERT INTO ratings (submission_id, url, username, rating) VALUES ('3', '/data/4a770738ad8d2809ae81281be770495d.jpg', 'tennietenniel', '5');
INSERT INTO ratings (submission_id, url, username, rating) VALUES ('4', '/data/74eadbb870cac23d18ef018b1bd483b8.jpg', 'convenance', '5');
INSERT INTO ratings (submission_id, url, username, rating) VALUES ('5', '/data/74eadbb870cac23d18ef018b1bd483b8.jpg', 'septuor', '3');
INSERT INTO ratings (submission_id, url, username, rating) VALUES ('6', '/data/74eadbb870cac23d18ef018b1bd483b8.jpg', 'yokoyokohama', '4');
INSERT INTO ratings (submission_id, url, username, rating) VALUES ('6', '/data/74eadbb870cac23d18ef018b1bd483b8.jpg', 'ecto', '1');
INSERT INTO ratings (submission_id, url, username, rating) VALUES ('6', '/data/74eadbb870cac23d18ef018b1bd483b8.jpg', 'convenance', '4');
INSERT INTO ratings (submission_id, url, username, rating) VALUES ('7', '/data/4a770738ad8d2809ae81281be770495d.jpg', 'yokoyokohama', '2');
INSERT INTO ratings (submission_id, url, username, rating) VALUES ('8', '/data/4a770738ad8d2809ae81281be770495d.jpg', 'mindful', '4');
INSERT INTO ratings (submission_id, url, username, rating) VALUES ('8', '/data/4a770738ad8d2809ae81281be770495d.jpg', 'tonneau', '3');
INSERT INTO ratings (submission_id, url, username, rating) VALUES ('9', '/data/b2619dc8e3f59da76e7432efc9b185a3.jpg', 'abbevillian', '3');
INSERT INTO ratings (submission_id, url, username, rating) VALUES ('9', '/data/b2619dc8e3f59da76e7432efc9b185a3.jpg', 'yokoyokohama', '3');
INSERT INTO ratings (submission_id, url, username, rating) VALUES ('10', '/data/4a770738ad8d2809ae81281be770495d.jpg', 'dorm', '4');
INSERT INTO ratings (submission_id, url, username, rating) VALUES ('11', '/data/74eadbb870cac23d18ef018b1bd483b8.jpg', 'yokoyokohama', '1');
INSERT INTO ratings (submission_id, url, username, rating) VALUES ('12', '/data/74eadbb870cac23d18ef018b1bd483b8.jpg', 'mitchmitchael', '3');
INSERT INTO ratings (submission_id, url, username, rating) VALUES ('12', '/data/74eadbb870cac23d18ef018b1bd483b8.jpg', 'yokoyokohama', '3');
INSERT INTO ratings (submission_id, url, username, rating) VALUES ('13', '/data/74eadbb870cac23d18ef018b1bd483b8.jpg', 'mindful', '1');
INSERT INTO ratings (submission_id, url, username, rating) VALUES ('13', '/data/74eadbb870cac23d18ef018b1bd483b8.jpg', 'ibbison', '4');
INSERT INTO ratings (submission_id, url, username, rating) VALUES ('13', '/data/74eadbb870cac23d18ef018b1bd483b8.jpg', 'mitchmitchael', '2');
INSERT INTO ratings (submission_id, url, username, rating) VALUES ('14', '/data/74eadbb870cac23d18ef018b1bd483b8.jpg', 'mindful', '5');
INSERT INTO ratings (submission_id, url, username, rating) VALUES ('14', '/data/74eadbb870cac23d18ef018b1bd483b8.jpg', 'convenance', '2');
INSERT INTO ratings (submission_id, url, username, rating) VALUES ('14', '/data/74eadbb870cac23d18ef018b1bd483b8.jpg', 'septuor', '4');
INSERT INTO ratings (submission_id, url, username, rating) VALUES ('15', '/data/74eadbb870cac23d18ef018b1bd483b8.jpg', 'convenance', '3');
INSERT INTO ratings (submission_id, url, username, rating) VALUES ('15', '/data/74eadbb870cac23d18ef018b1bd483b8.jpg', 'ecto', '1');
INSERT INTO ratings (submission_id, url, username, rating) VALUES ('15', '/data/74eadbb870cac23d18ef018b1bd483b8.jpg', 'ecto', '3');
INSERT INTO ratings (submission_id, url, username, rating) VALUES ('16', '/data/74eadbb870cac23d18ef018b1bd483b8.jpg', 'septuor', '3');
INSERT INTO ratings (submission_id, url, username, rating) VALUES ('17', '/data/b2619dc8e3f59da76e7432efc9b185a3.jpg', 'mitchmitchael', '1');
INSERT INTO ratings (submission_id, url, username, rating) VALUES ('18', '/data/74eadbb870cac23d18ef018b1bd483b8.jpg', 'dorm', '5');
INSERT INTO ratings (submission_id, url, username, rating) VALUES ('19', '/data/b2619dc8e3f59da76e7432efc9b185a3.jpg', 'planar', '4');
INSERT INTO ratings (submission_id, url, username, rating) VALUES ('20', '/data/74eadbb870cac23d18ef018b1bd483b8.jpg', 'ibbison', '5');
INSERT INTO ratings (submission_id, url, username, rating) VALUES ('21', '/data/4a770738ad8d2809ae81281be770495d.jpg', 'tonneau', '1');
INSERT INTO ratings (submission_id, url, username, rating) VALUES ('21', '/data/4a770738ad8d2809ae81281be770495d.jpg', 'dorm', '3');
INSERT INTO ratings (submission_id, url, username, rating) VALUES ('22', '/data/b2619dc8e3f59da76e7432efc9b185a3.jpg', 'tennietenniel', '1');
INSERT INTO ratings (submission_id, url, username, rating) VALUES ('23', '/data/b2619dc8e3f59da76e7432efc9b185a3.jpg', 'tennietenniel', '2');
INSERT INTO ratings (submission_id, url, username, rating) VALUES ('24', '/data/b2619dc8e3f59da76e7432efc9b185a3.jpg', 'planar', '4');
INSERT INTO ratings (submission_id, url, username, rating) VALUES ('25', '/data/b2619dc8e3f59da76e7432efc9b185a3.jpg', 'tennietenniel', '5');
INSERT INTO ratings (submission_id, url, username, rating) VALUES ('25', '/data/b2619dc8e3f59da76e7432efc9b185a3.jpg', 'ibbison', '3');
INSERT INTO ratings (submission_id, url, username, rating) VALUES ('25', '/data/b2619dc8e3f59da76e7432efc9b185a3.jpg', 'abbevillian', '4');
INSERT INTO ratings (submission_id, url, username, rating) VALUES ('26', '/data/4a770738ad8d2809ae81281be770495d.jpg', 'mitchmitchael', '5');
INSERT INTO ratings (submission_id, url, username, rating) VALUES ('26', '/data/4a770738ad8d2809ae81281be770495d.jpg', 'abbevillian', '5');
INSERT INTO ratings (submission_id, url, username, rating) VALUES ('26', '/data/4a770738ad8d2809ae81281be770495d.jpg', 'mindful', '1');
INSERT INTO ratings (submission_id, url, username, rating) VALUES ('27', '/data/74eadbb870cac23d18ef018b1bd483b8.jpg', 'ibbison', '2');
INSERT INTO ratings (submission_id, url, username, rating) VALUES ('27', '/data/74eadbb870cac23d18ef018b1bd483b8.jpg', 'planar', '2');
INSERT INTO ratings (submission_id, url, username, rating) VALUES ('27', '/data/74eadbb870cac23d18ef018b1bd483b8.jpg', 'abbevillian', '5');
INSERT INTO ratings (submission_id, url, username, rating) VALUES ('28', '/data/74eadbb870cac23d18ef018b1bd483b8.jpg', 'abbevillian', '1');
INSERT INTO ratings (submission_id, url, username, rating) VALUES ('29', '/data/74eadbb870cac23d18ef018b1bd483b8.jpg', 'mindful', '5');
INSERT INTO ratings (submission_id, url, username, rating) VALUES ('29', '/data/74eadbb870cac23d18ef018b1bd483b8.jpg', 'tonneau', '4');
INSERT INTO ratings (submission_id, url, username, rating) VALUES ('30', '/data/4a770738ad8d2809ae81281be770495d.jpg', 'yokoyokohama', '3');
INSERT INTO ratings (submission_id, url, username, rating) VALUES ('31', '/data/4a770738ad8d2809ae81281be770495d.jpg', 'tonneau', '3');
INSERT INTO ratings (submission_id, url, username, rating) VALUES ('32', '/data/4a770738ad8d2809ae81281be770495d.jpg', 'mitchmitchael', '5');
INSERT INTO ratings (submission_id, url, username, rating) VALUES ('32', '/data/4a770738ad8d2809ae81281be770495d.jpg', 'septuor', '3');
INSERT INTO ratings (submission_id, url, username, rating) VALUES ('32', '/data/4a770738ad8d2809ae81281be770495d.jpg', 'convenance', '4');
INSERT INTO ratings (submission_id, url, username, rating) VALUES ('33', '/data/b2619dc8e3f59da76e7432efc9b185a3.jpg', 'ibbison', '1');
INSERT INTO ratings (submission_id, url, username, rating) VALUES ('33', '/data/b2619dc8e3f59da76e7432efc9b185a3.jpg', 'mitchmitchael', '5');
INSERT INTO ratings (submission_id, url, username, rating) VALUES ('34', '/data/b2619dc8e3f59da76e7432efc9b185a3.jpg', 'tonneau', '1');
INSERT INTO ratings (submission_id, url, username, rating) VALUES ('34', '/data/b2619dc8e3f59da76e7432efc9b185a3.jpg', 'mindful', '2');
INSERT INTO ratings (submission_id, url, username, rating) VALUES ('35', '/data/b2619dc8e3f59da76e7432efc9b185a3.jpg', 'tonneau', '4');
INSERT INTO ratings (submission_id, url, username, rating) VALUES ('35', '/data/b2619dc8e3f59da76e7432efc9b185a3.jpg', 'ibbison', '4');
INSERT INTO ratings (submission_id, url, username, rating) VALUES ('36', '/data/74eadbb870cac23d18ef018b1bd483b8.jpg', 'ecto', '3');
