SET foreign_key_checks = 0;
SET SQL_SAFE_UPDATES = 0;
delete from schools;
delete from users;
SET foreign_key_checks = 1;
INSERT INTO schools VALUES ('B04724', 'Widener University - Delaware Law School', '4601 Concord Pike', 'Wilmington', 'DE', '19803');
INSERT INTO schools VALUES ('001858', 'Divine Word College', '102 Jacoby Dr Sw-Po Box 380', 'Epworth', 'IA', '52045');
INSERT INTO schools VALUES ('003738', 'Southern Virginia University', 'One University Hill Drive', 'Buena Vista', 'VA', '24416');
INSERT INTO schools VALUES ('013039', 'South University', '709 Mall Blvd', 'Savannah', 'GA', '31406');
INSERT INTO schools VALUES ('032033', 'New York Institute Of Massage', '4701 Transit Road', 'Williamsville', 'NY', '14221');
INSERT INTO schools VALUES ('042822', 'New York Seminary (The)', '911 Mcdonald Avenue', 'Brooklyn', 'NY', '11218');
INSERT INTO users (username, hash, profile_img_url, student_flag, admin_flag) VALUES ('blende', '-1618315794084281473', 'profile_img/blende', '0', '1');
INSERT INTO users (username, hash, profile_img_url, student_flag, admin_flag) VALUES ('tiloine', '639060942150180283', 'profile_img/tiloine', '1', '1');
INSERT INTO users (username, hash, profile_img_url, student_flag, admin_flag) VALUES ('numberless', '-7653166088996301739', 'profile_img/numberless', '1', '1');
INSERT INTO users (username, hash, profile_img_url, student_flag, admin_flag) VALUES ('optimism', '3802778600867865760', 'profile_img/optimism', '1', '0');
INSERT INTO users (username, hash, profile_img_url, student_flag, admin_flag) VALUES ('nelidanelie', '7299449492828433894', 'profile_img/nelidanelie', '1', '0');
INSERT INTO users (username, hash, profile_img_url, student_flag, admin_flag) VALUES ('clackmannan', '-7702562268061797693', 'profile_img/clackmannan', '1', '0');
INSERT INTO users (username, hash, profile_img_url, student_flag, admin_flag) VALUES ('plaything', '-5051017842983044016', 'profile_img/plaything', '1', '0');
INSERT INTO users (username, hash, profile_img_url, student_flag, admin_flag) VALUES ('roethke', '-324013306915131456', 'profile_img/roethke', '1', '0');
INSERT INTO users (username, hash, profile_img_url, student_flag, admin_flag) VALUES ('keller', '4212508747544987631', 'profile_img/keller', '1', '0');
INSERT INTO users (username, hash, profile_img_url, student_flag, admin_flag) VALUES ('openandshut', '4214676222316031031', 'profile_img/openandshut', '1', '0');
INSERT INTO users (username, hash, profile_img_url, student_flag, admin_flag) VALUES ('mythopoeic', '8615503852904101804', 'profile_img/mythopoeic', '1', '0');
INSERT INTO users (username, hash, profile_img_url, student_flag, admin_flag) VALUES ('whomever', '-3818630879369251539', 'profile_img/whomever', '1', '0');
INSERT INTO users (username, hash, profile_img_url, student_flag, admin_flag) VALUES ('administrator', '4916800005674137553', 'profile_img/administrator', '1', '0');
INSERT INTO users (username, hash, profile_img_url, student_flag, admin_flag) VALUES ('eye', '7543118404366353166', 'profile_img/eye', '1', '0');
INSERT INTO users (username, hash, profile_img_url, student_flag, admin_flag) VALUES ('staats', '878931368559758558', 'profile_img/staats', '1', '0');
INSERT INTO users (username, hash, profile_img_url, student_flag, admin_flag) VALUES ('cathey', '5949440488579038390', 'profile_img/cathey', '1', '0');
INSERT INTO users (username, hash, profile_img_url, student_flag, admin_flag) VALUES ('supposititious', '3753110381976804543', 'profile_img/supposititious', '1', '0');
INSERT INTO users (username, hash, profile_img_url, student_flag, admin_flag) VALUES ('xenomorphic', '3575296939389183675', 'profile_img/xenomorphic', '1', '0');
INSERT INTO users (username, hash, profile_img_url, student_flag, admin_flag) VALUES ('strother', '-5463404455361110417', 'profile_img/strother', '1', '0');
INSERT INTO users (username, hash, profile_img_url, student_flag, admin_flag) VALUES ('marthmartha', '372677393846838719', 'profile_img/marthmartha', '1', '0');
INSERT INTO users (username, hash, profile_img_url, student_flag, admin_flag) VALUES ('guarneri', '5556248980335164024', 'profile_img/guarneri', '1', '0');
INSERT INTO users (username, hash, profile_img_url, student_flag, admin_flag) VALUES ('incrustation', '-2240275827110375560', 'profile_img/incrustation', '1', '0');
INSERT INTO users (username, hash, profile_img_url, student_flag, admin_flag) VALUES ('parable', '7951782211710282840', 'profile_img/parable', '1', '0');
INSERT INTO users (username, hash, profile_img_url, student_flag, admin_flag) VALUES ('kuopio', '2019002774773471071', 'profile_img/kuopio', '1', '0');
INSERT INTO users (username, hash, profile_img_url, student_flag, admin_flag) VALUES ('mccalla', '8134021625112717475', 'profile_img/mccalla', '1', '0');
INSERT INTO users (username, hash, profile_img_url, student_flag, admin_flag) VALUES ('kalinin', '-4523304632101055758', 'profile_img/kalinin', '1', '0');
INSERT INTO users (username, hash, profile_img_url, student_flag, admin_flag) VALUES ('mohsen', '4692829692774855498', 'profile_img/mohsen', '1', '0');
INSERT INTO users (username, hash, profile_img_url, student_flag, admin_flag) VALUES ('cisalpine', '-4592139477287388401', 'profile_img/cisalpine', '1', '0');
INSERT INTO users (username, hash, profile_img_url, student_flag, admin_flag) VALUES ('lated', '4947541591957631044', 'profile_img/lated', '1', '0');
INSERT INTO users (username, hash, profile_img_url, student_flag, admin_flag) VALUES ('carnegie', '-6527890695812487563', 'profile_img/carnegie', '1', '0');
INSERT INTO users (username, hash, profile_img_url, student_flag, admin_flag) VALUES ('eject', '-8832395336285768672', 'profile_img/eject', '1', '0');
INSERT INTO users (username, hash, profile_img_url, student_flag, admin_flag) VALUES ('rosinski', '-7517931180570236195', 'profile_img/rosinski', '1', '0');
INSERT INTO users (username, hash, profile_img_url, student_flag, admin_flag) VALUES ('traumatism', '-7354086083698481705', 'profile_img/traumatism', '1', '0');
INSERT INTO users (username, hash, profile_img_url, student_flag, admin_flag) VALUES ('highhat', '-3244672763883214770', 'profile_img/highhat', '1', '0');
INSERT INTO users (username, hash, profile_img_url, student_flag, admin_flag) VALUES ('phenobarbitone', '6215613348307948123', 'profile_img/phenobarbitone', '1', '0');
INSERT INTO users (username, hash, profile_img_url, student_flag, admin_flag) VALUES ('phip', '-3612521911300809459', 'profile_img/phip', '1', '0');
INSERT INTO users (username, hash, profile_img_url, student_flag, admin_flag) VALUES ('unstrained', '-239486329365995203', 'profile_img/unstrained', '1', '0');
INSERT INTO users (username, hash, profile_img_url, student_flag, admin_flag) VALUES ('edbert', '-8163652241564456833', 'profile_img/edbert', '1', '0');
INSERT INTO users (username, hash, profile_img_url, student_flag, admin_flag) VALUES ('needlecraft', '-4153023562846230395', 'profile_img/needlecraft', '1', '0');
INSERT INTO users (username, hash, profile_img_url, student_flag, admin_flag) VALUES ('racemic', '-2389531638488592429', 'profile_img/racemic', '1', '0');
INSERT INTO attends VALUES ('blende', 'B04724');
INSERT INTO attends VALUES ('tiloine', '001858');
INSERT INTO attends VALUES ('numberless', 'B04724');
INSERT INTO attends VALUES ('optimism', '013039');
INSERT INTO attends VALUES ('nelidanelie', '003738');
INSERT INTO attends VALUES ('clackmannan', '032033');
INSERT INTO attends VALUES ('plaything', '032033');
INSERT INTO attends VALUES ('roethke', '003738');
INSERT INTO attends VALUES ('keller', 'B04724');
INSERT INTO attends VALUES ('openandshut', '013039');
INSERT INTO attends VALUES ('mythopoeic', '032033');
INSERT INTO attends VALUES ('whomever', '032033');
INSERT INTO attends VALUES ('administrator', '001858');
INSERT INTO attends VALUES ('eye', '001858');
INSERT INTO attends VALUES ('staats', '003738');
INSERT INTO attends VALUES ('cathey', '013039');
INSERT INTO attends VALUES ('supposititious', '003738');
INSERT INTO attends VALUES ('xenomorphic', '003738');
INSERT INTO attends VALUES ('strother', '003738');
INSERT INTO attends VALUES ('marthmartha', '013039');
INSERT INTO attends VALUES ('guarneri', '001858');
INSERT INTO attends VALUES ('incrustation', '001858');
INSERT INTO attends VALUES ('parable', '032033');
INSERT INTO attends VALUES ('kuopio', '013039');
INSERT INTO attends VALUES ('mccalla', '032033');
INSERT INTO attends VALUES ('kalinin', '032033');
INSERT INTO attends VALUES ('mohsen', '042822');
INSERT INTO attends VALUES ('cisalpine', '013039');
INSERT INTO attends VALUES ('lated', 'B04724');
INSERT INTO attends VALUES ('carnegie', '003738');
INSERT INTO attends VALUES ('eject', '042822');
INSERT INTO attends VALUES ('rosinski', '003738');
INSERT INTO attends VALUES ('traumatism', '003738');
INSERT INTO attends VALUES ('highhat', '001858');
INSERT INTO attends VALUES ('phenobarbitone', '042822');
INSERT INTO attends VALUES ('phip', '003738');
INSERT INTO attends VALUES ('unstrained', 'B04724');
INSERT INTO attends VALUES ('edbert', '032033');
INSERT INTO attends VALUES ('needlecraft', '032033');
INSERT INTO attends VALUES ('racemic', 'B04724');
ALTER TABLE courses AUTO_INCREMENT = 1;
INSERT INTO courses (number, name, year, semester, professor, school) VALUES ('159', 'Algorithms', '2019', 'Spring', 'Dr. Green', '013039');
INSERT INTO courses (number, name, year, semester, professor, school) VALUES ('431', 'Calculus Ii', '2010', 'Fall', 'Dr. Stewart', '013039');
INSERT INTO courses (number, name, year, semester, professor, school) VALUES ('321', 'Chemistry', '2014', 'Spring', 'Dr. Kelly', '001858');
INSERT INTO courses (number, name, year, semester, professor, school) VALUES ('460', 'Electromagnetics', '2014', 'Fall', 'Dr. Carter', 'B04724');
INSERT INTO courses (number, name, year, semester, professor, school) VALUES ('145', 'Drawing', '2012', 'Spring', 'Dr. Sullivan', '042822');
INSERT INTO courses (number, name, year, semester, professor, school) VALUES ('499', 'Ceramics', '2012', 'Fall', 'Dr. Long', '001858');
INSERT INTO courses (number, name, year, semester, professor, school) VALUES ('235', 'Cybersecurity', '2012', 'Fall', 'Dr. Wilson', '003738');
INSERT INTO courses (number, name, year, semester, professor, school) VALUES ('317', 'Cats', '2018', 'Spring', 'Dr. Walker', '032033');
INSERT INTO courses (number, name, year, semester, professor, school) VALUES ('240', 'Physics', '2017', 'Fall', 'Dr. Ford', '013039');
INSERT INTO courses (number, name, year, semester, professor, school) VALUES ('355', 'Theory Of Computer Science', '2019', 'Fall', 'Dr. Bryant', '001858');
INSERT INTO courses (number, name, year, semester, professor, school) VALUES ('218', 'Data Structures', '2019', 'Fall', 'Dr. Walker', '003738');
INSERT INTO courses (number, name, year, semester, professor, school) VALUES ('520', 'Databases', '2016', 'Spring', 'Dr. Moore', '013039');
INSERT INTO courses (number, name, year, semester, professor, school) VALUES ('211', 'Dynamics', '2016', 'Spring', 'Dr. Wallace', '032033');
INSERT INTO courses (number, name, year, semester, professor, school) VALUES ('220', 'Digital Logic', '2017', 'Fall', 'Dr. King', '032033');
INSERT INTO courses (number, name, year, semester, professor, school) VALUES ('342', 'Management', '2011', 'Fall', 'Dr. Gray', 'B04724');
INSERT INTO courses (number, name, year, semester, professor, school) VALUES ('340', 'Algorithms', '2014', 'Spring', 'Dr. Taylor', '032033');
INSERT INTO courses (number, name, year, semester, professor, school) VALUES ('111', 'Databases', '2019', 'Fall', 'Dr. Edwards', '001858');
INSERT INTO courses (number, name, year, semester, professor, school) VALUES ('287', 'Databases', '2014', 'Fall', 'Dr. Henderson', '003738');
INSERT INTO courses (number, name, year, semester, professor, school) VALUES ('341', 'Philosophy', '2018', 'Spring', 'Dr. Sullivan', '032033');
INSERT INTO courses (number, name, year, semester, professor, school) VALUES ('147', 'Ceramics', '2010', 'Fall', 'Dr. Bryant', '013039');
INSERT INTO courses (number, name, year, semester, professor, school) VALUES ('243', 'Modern Algebra', '2013', 'Spring', 'Dr. Ross', '001858');
INSERT INTO courses (number, name, year, semester, professor, school) VALUES ('315', 'Digital Logic', '2011', 'Spring', 'Dr. Moore', '013039');
INSERT INTO courses (number, name, year, semester, professor, school) VALUES ('144', 'Cats', '2014', 'Spring', 'Dr. Howard', 'B04724');
INSERT INTO courses (number, name, year, semester, professor, school) VALUES ('397', 'Data Structures', '2017', 'Fall', 'Dr. Scott', '001858');
INSERT INTO courses (number, name, year, semester, professor, school) VALUES ('521', 'Thermofluid Mechanics', '2011', 'Spring', 'Dr. Evans', '001858');
INSERT INTO courses (number, name, year, semester, professor, school) VALUES ('396', 'Cats', '2017', 'Spring', 'Dr. Garcia', '003738');
INSERT INTO courses (number, name, year, semester, professor, school) VALUES ('499', 'Cats', '2016', 'Fall', 'Dr. Phillips', '032033');
INSERT INTO courses (number, name, year, semester, professor, school) VALUES ('458', 'Numerical Methods', '2012', 'Fall', 'Dr. Alexander', 'B04724');
INSERT INTO courses (number, name, year, semester, professor, school) VALUES ('394', 'Geology', '2015', 'Fall', 'Dr. Roberts', '001858');
INSERT INTO courses (number, name, year, semester, professor, school) VALUES ('277', 'Ai', '2018', 'Fall', 'Dr. Bell', '042822');
INSERT INTO courses (number, name, year, semester, professor, school) VALUES ('302', 'Dynamics', '2011', 'Spring', 'Dr. Gonzalez', '042822');
INSERT INTO courses (number, name, year, semester, professor, school) VALUES ('457', 'Drawing', '2015', 'Spring', 'Dr. Gray', '042822');
INSERT INTO courses (number, name, year, semester, professor, school) VALUES ('336', 'Aerodynamics', '2017', 'Spring', 'Dr. James', '032033');
INSERT INTO courses (number, name, year, semester, professor, school) VALUES ('357', 'Ethics', '2016', 'Spring', 'Dr. Wilson', '001858');
INSERT INTO courses (number, name, year, semester, professor, school) VALUES ('323', 'Structural Analysis', '2018', 'Spring', 'Dr. Sanders', '032033');
INSERT INTO courses (number, name, year, semester, professor, school) VALUES ('387', 'Ecology', '2011', 'Spring', 'Dr. Jones', '013039');
INSERT INTO courses (number, name, year, semester, professor, school) VALUES ('430', 'Hydrologic Engineering', '2016', 'Fall', 'Dr. Green', '032033');
INSERT INTO courses (number, name, year, semester, professor, school) VALUES ('361', 'Linear Algebra', '2016', 'Spring', 'Dr. Clark', '001858');
INSERT INTO courses (number, name, year, semester, professor, school) VALUES ('453', 'Geology', '2015', 'Spring', 'Dr. Anderson', '013039');
INSERT INTO courses (number, name, year, semester, professor, school) VALUES ('148', 'Philosophy', '2016', 'Spring', 'Dr. Wallace', '032033');
INSERT INTO courses (number, name, year, semester, professor, school) VALUES ('118', 'Drawing', '2011', 'Spring', 'Dr. Gonzalez', '032033');
INSERT INTO courses (number, name, year, semester, professor, school) VALUES ('142', 'Circuits', '2010', 'Spring', 'Dr. Washington', '032033');
INSERT INTO courses (number, name, year, semester, professor, school) VALUES ('471', 'Biology', '2012', 'Fall', 'Dr. Russell', '001858');
INSERT INTO courses (number, name, year, semester, professor, school) VALUES ('490', 'Dynamics', '2018', 'Spring', 'Dr. Hall', '013039');
INSERT INTO courses (number, name, year, semester, professor, school) VALUES ('169', 'Ai', '2015', 'Spring', 'Dr. Long', '013039');
INSERT INTO courses (number, name, year, semester, professor, school) VALUES ('164', 'Ceramics', '2013', 'Fall', 'Dr. Wallace', '003738');
INSERT INTO courses (number, name, year, semester, professor, school) VALUES ('530', 'Chemistry', '2012', 'Fall', 'Dr. Mitchell', '032033');
INSERT INTO courses (number, name, year, semester, professor, school) VALUES ('419', 'Philosophy', '2019', 'Spring', 'Dr. Wallace', '003738');
INSERT INTO courses (number, name, year, semester, professor, school) VALUES ('105', 'Thermofluid Mechanics', '2011', 'Spring', 'Dr. Edwards', '013039');
INSERT INTO courses (number, name, year, semester, professor, school) VALUES ('315', 'Ethics', '2015', 'Fall', 'Dr. Carter', '042822');
ALTER TABLE submissions AUTO_INCREMENT = 1;
INSERT INTO submissions (description, username, course_id) VALUES ('Pro case tacimates honestatis et, graeci cetero evertitur nec in. Est et eripuit volumus, legendos facilisis vel at.', 'clackmannan', '1');
INSERT INTO submissions (description, username, course_id) VALUES ('Iisque epicuri eam an, mel ad unum antiopam deterruisset, probo evertitur nec at.', 'mythopoeic', '1');
INSERT INTO submissions (description, username, course_id) VALUES ('Has elitr saepe urbanitas ei, et mundi quodsi nostrud sed.', 'numberless', '1');
INSERT INTO submissions (description, username, course_id) VALUES ('Pro at postea vivendum argumentum.', 'mythopoeic', '2');
INSERT INTO submissions (description, username, course_id) VALUES ('Partiendo molestiae temporibus per in, tantas democritum definitiones ei pro.', 'blende', '2');
INSERT INTO submissions (description, username, course_id) VALUES ('Euripidis sadipscing vel ei, modus percipit vis an, malis primis dissentias sed ei.', 'eye', '2');
INSERT INTO submissions (description, username, course_id) VALUES ('Sed maiorum constituto ea, sed at vocibus abhorreant argumentum. Vel ea nonumy contentiones, posse audiam albucius mel ut, ancillae neglegentur his an.', 'blende', '3');
INSERT INTO submissions (description, username, course_id) VALUES ('Paulo rationibus ex mea, ex feugait percipitur scripserit quo.', 'mythopoeic', '3');
INSERT INTO submissions (description, username, course_id) VALUES ('Per possit appetere suavitate no, pri te vidit timeam. Detracto albucius definitionem ei nec, id timeam complectitur duo.', 'kuopio', '3');
INSERT INTO submissions (description, username, course_id) VALUES ('At per augue incorrupte deterruisset, habeo eleifend ex sea, zril aliquam intellegam eam at.', 'openandshut', '4');
INSERT INTO submissions (description, username, course_id) VALUES ('Vim erant senserit voluptatum id, no vim stet summo.', 'tiloine', '4');
INSERT INTO submissions (description, username, course_id) VALUES ('His in oratio petentium.', 'racemic', '4');
INSERT INTO submissions (description, username, course_id) VALUES ('Partiendo molestiae temporibus per in, tantas democritum definitiones ei pro.', 'blende', '5');
INSERT INTO submissions (description, username, course_id) VALUES ('Habemus fuisset et vis. Purto elit qui no, in ius movet dicit. In dolore fierent epicurei mea. Sit ne omnes ancillae, mea no erat suscipiantur.', 'cisalpine', '5');
INSERT INTO submissions (description, username, course_id) VALUES ('Euripidis sadipscing vel ei, modus percipit vis an, malis primis dissentias sed ei.', 'parable', '5');
INSERT INTO submissions (description, username, course_id) VALUES ('An nostro discere veritus eum, in iusto ornatus periculis has, ea enim singulis pri.', 'supposititious', '6');
INSERT INTO submissions (description, username, course_id) VALUES ('Nam eu saepe delenit, at nam quem splendide evertitur. At modo posse regione per. Duo augue viris ne, velit equidem convenire te pro.', 'kalinin', '6');
INSERT INTO submissions (description, username, course_id) VALUES ('Vel equidem platonem convenire ut, et mel cibo petentium, ius te simul delicatissimi.', 'strother', '6');
INSERT INTO submissions (description, username, course_id) VALUES ('Mea id sint summo pertinax, idque exerci his ad.', 'staats', '7');
INSERT INTO submissions (description, username, course_id) VALUES ('Lorem ipsum dolor sit amet, an qui velit noster malorum, has ne affert reprehendunt, est at essent diceret.', 'edbert', '7');
INSERT INTO submissions (description, username, course_id) VALUES ('Eum ea quas feugiat vivendo, inermis recteque scripserit mel eu.', 'phenobarbitone', '7');
INSERT INTO submissions (description, username, course_id) VALUES ('An nostro discere veritus eum, in iusto ornatus periculis has, ea enim singulis pri.', 'clackmannan', '8');
INSERT INTO submissions (description, username, course_id) VALUES ('Ne nulla libris deterruisset eam, maiorum facilisi an duo.', 'incrustation', '8');
INSERT INTO submissions (description, username, course_id) VALUES ('Mel nisl molestie ex, at delectus voluptatum ius, ius cu veritus appareat.', 'keller', '8');
INSERT INTO submissions (description, username, course_id) VALUES ('Ne qui dicat placerat platonem, atqui veniam necessitatibus et usu. Ut sea atqui etiam sensibus.', 'marthmartha', '9');
INSERT INTO submissions (description, username, course_id) VALUES ('His in oratio petentium.', 'plaything', '9');
INSERT INTO submissions (description, username, course_id) VALUES ('At per augue incorrupte deterruisset, habeo eleifend ex sea, zril aliquam intellegam eam at.', 'kuopio', '9');
INSERT INTO submissions (description, username, course_id) VALUES ('Amet voluptua sensibus sed et, te movet contentiones vis, in eum quas porro utroque.', 'highhat', '10');
INSERT INTO submissions (description, username, course_id) VALUES ('His in oratio petentium.', 'marthmartha', '10');
INSERT INTO submissions (description, username, course_id) VALUES ('At per augue incorrupte deterruisset, habeo eleifend ex sea, zril aliquam intellegam eam at.', 'guarneri', '10');
INSERT INTO submissions (description, username, course_id) VALUES ('Eum ea quas feugiat vivendo, inermis recteque scripserit mel eu.', 'blende', '11');
INSERT INTO submissions (description, username, course_id) VALUES ('His in oratio petentium.', 'eye', '11');
INSERT INTO submissions (description, username, course_id) VALUES ('Pro at postea vivendum argumentum.', 'lated', '11');
INSERT INTO submissions (description, username, course_id) VALUES ('Eum ea quas feugiat vivendo, inermis recteque scripserit mel eu.', 'supposititious', '12');
INSERT INTO submissions (description, username, course_id) VALUES ('Clita putent offendit ei nam, pro at nulla nobis. In unum antiopam dissentias vim.', 'blende', '12');
INSERT INTO submissions (description, username, course_id) VALUES ('Mea id sint summo pertinax, idque exerci his ad.', 'eye', '12');
INSERT INTO submissions (description, username, course_id) VALUES ('Et sit cibo modus dissentiet, ex qui fugit incorrupte, eu sit adhuc salutandi principes.', 'highhat', '13');
INSERT INTO submissions (description, username, course_id) VALUES ('Mea id sint summo pertinax, idque exerci his ad.', 'kuopio', '13');
INSERT INTO submissions (description, username, course_id) VALUES ('Mei ea patrioque voluptaria, in eum melius tractatos adversarium.', 'plaything', '13');
INSERT INTO submissions (description, username, course_id) VALUES ('Pro case tacimates honestatis et, graeci cetero evertitur nec in. Est et eripuit volumus, legendos facilisis vel at.', 'staats', '14');
INSERT INTO submissions (description, username, course_id) VALUES ('Clita putent offendit ei nam, pro at nulla nobis. In unum antiopam dissentias vim.', 'mohsen', '14');
INSERT INTO submissions (description, username, course_id) VALUES ('Eu cum regione dissentiet, at eos quodsi discere quaestio.', 'strother', '14');
INSERT INTO submissions (description, username, course_id) VALUES ('Et sit cibo modus dissentiet, ex qui fugit incorrupte, eu sit adhuc salutandi principes.', 'parable', '15');
INSERT INTO submissions (description, username, course_id) VALUES ('Habemus fuisset et vis. Purto elit qui no, in ius movet dicit. In dolore fierent epicurei mea. Sit ne omnes ancillae, mea no erat suscipiantur.', 'supposititious', '15');
INSERT INTO submissions (description, username, course_id) VALUES ('Facete labitur fabulas te his, ad esse summo definiebas ius.', 'carnegie', '15');
INSERT INTO submissions (description, username, course_id) VALUES ('Mea id sint summo pertinax, idque exerci his ad.', 'cathey', '16');
INSERT INTO submissions (description, username, course_id) VALUES ('Pro case tacimates honestatis et, graeci cetero evertitur nec in. Est et eripuit volumus, legendos facilisis vel at.', 'keller', '16');
INSERT INTO submissions (description, username, course_id) VALUES ('At consequuntur necessitatibus per, vitae tollit ea pri, percipit molestiae voluptatum no has.', 'roethke', '16');
INSERT INTO submissions (description, username, course_id) VALUES ('Et sit cibo modus dissentiet, ex qui fugit incorrupte, eu sit adhuc salutandi principes.', 'whomever', '17');
INSERT INTO submissions (description, username, course_id) VALUES ('Eu justo docendi mea, mel principes referrentur id. Possit detraxit mea cu, eu has prima propriae.', 'nelidanelie', '17');
INSERT INTO submissions (description, username, course_id) VALUES ('Iisque epicuri eam an, mel ad unum antiopam deterruisset, probo evertitur nec at.', 'eye', '17');
INSERT INTO submissions (description, username, course_id) VALUES ('His in oratio petentium.', 'blende', '18');
INSERT INTO submissions (description, username, course_id) VALUES ('Te vis discere alterum prodesset, eam te mucius sententiae, mel unum natum commodo ut.', 'administrator', '18');
INSERT INTO submissions (description, username, course_id) VALUES ('Nam eu saepe delenit, at nam quem splendide evertitur. At modo posse regione per. Duo augue viris ne, velit equidem convenire te pro.', 'mythopoeic', '18');
INSERT INTO submissions (description, username, course_id) VALUES ('Per possit appetere suavitate no, pri te vidit timeam. Detracto albucius definitionem ei nec, id timeam complectitur duo.', 'mccalla', '19');
INSERT INTO submissions (description, username, course_id) VALUES ('Iisque epicuri eam an, mel ad unum antiopam deterruisset, probo evertitur nec at.', 'numberless', '19');
INSERT INTO submissions (description, username, course_id) VALUES ('Atqui labores perpetua ad est, ne usu elit audiam instructior. In vim iusto utinam explicari.', 'kuopio', '19');
INSERT INTO submissions (description, username, course_id) VALUES ('Eu cum regione dissentiet, at eos quodsi discere quaestio.', 'lated', '20');
INSERT INTO submissions (description, username, course_id) VALUES ('Ne qui dicat placerat platonem, atqui veniam necessitatibus et usu. Ut sea atqui etiam sensibus.', 'plaything', '20');
INSERT INTO submissions (description, username, course_id) VALUES ('Vel equidem platonem convenire ut, et mel cibo petentium, ius te simul delicatissimi.', 'openandshut', '20');
INSERT INTO submissions (description, username, course_id) VALUES ('Et sit cibo modus dissentiet, ex qui fugit incorrupte, eu sit adhuc salutandi principes.', 'mohsen', '21');
INSERT INTO submissions (description, username, course_id) VALUES ('At consequuntur necessitatibus per, vitae tollit ea pri, percipit molestiae voluptatum no has.', 'incrustation', '21');
INSERT INTO submissions (description, username, course_id) VALUES ('Nam eu saepe delenit, at nam quem splendide evertitur. At modo posse regione per. Duo augue viris ne, velit equidem convenire te pro.', 'cisalpine', '21');
INSERT INTO submissions (description, username, course_id) VALUES ('Te vis discere alterum prodesset, eam te mucius sententiae, mel unum natum commodo ut.', 'incrustation', '22');
INSERT INTO submissions (description, username, course_id) VALUES ('Ne sea alienum oportere, quaestio partiendo teeum.', 'needlecraft', '22');
INSERT INTO submissions (description, username, course_id) VALUES ('Vel equidem platonem convenire ut, et mel cibo petentium, ius te simul delicatissimi.', 'parable', '22');
INSERT INTO submissions (description, username, course_id) VALUES ('Mea id sint summo pertinax, idque exerci his ad.', 'numberless', '23');
INSERT INTO submissions (description, username, course_id) VALUES ('Pro at postea vivendum argumentum.', 'supposititious', '23');
INSERT INTO submissions (description, username, course_id) VALUES ('Ne sea alienum oportere, quaestio partiendo teeum.', 'whomever', '23');
INSERT INTO submissions (description, username, course_id) VALUES ('An nostro discere veritus eum, in iusto ornatus periculis has, ea enim singulis pri.', 'roethke', '24');
INSERT INTO submissions (description, username, course_id) VALUES ('Te vis discere alterum prodesset, eam te mucius sententiae, mel unum natum commodo ut.', 'eye', '24');
INSERT INTO submissions (description, username, course_id) VALUES ('Clita putent offendit ei nam, pro at nulla nobis. In unum antiopam dissentias vim.', 'carnegie', '24');
INSERT INTO submissions (description, username, course_id) VALUES ('Eum ea quas feugiat vivendo, inermis recteque scripserit mel eu.', 'cathey', '25');
INSERT INTO submissions (description, username, course_id) VALUES ('Nam eu saepe delenit, at nam quem splendide evertitur. At modo posse regione per. Duo augue viris ne, velit equidem convenire te pro.', 'optimism', '25');
INSERT INTO submissions (description, username, course_id) VALUES ('Vel equidem platonem convenire ut, et mel cibo petentium, ius te simul delicatissimi.', 'phenobarbitone', '25');
INSERT INTO submissions (description, username, course_id) VALUES ('Sed maiorum constituto ea, sed at vocibus abhorreant argumentum. Vel ea nonumy contentiones, posse audiam albucius mel ut, ancillae neglegentur his an.', 'mccalla', '26');
INSERT INTO submissions (description, username, course_id) VALUES ('Pro at postea vivendum argumentum.', 'eject', '26');
INSERT INTO submissions (description, username, course_id) VALUES ('An nec primis quaeque maluisset, sed doctus tincidunt reformidans an.', 'parable', '26');
INSERT INTO submissions (description, username, course_id) VALUES ('Lorem ipsum dolor sit amet, an qui velit noster malorum, has ne affert reprehendunt, est at essent diceret.', 'clackmannan', '27');
INSERT INTO submissions (description, username, course_id) VALUES ('Paulo rationibus ex mea, ex feugait percipitur scripserit quo.', 'clackmannan', '27');
INSERT INTO submissions (description, username, course_id) VALUES ('Partiendo molestiae temporibus per in, tantas democritum definitiones ei pro.', 'keller', '27');
INSERT INTO submissions (description, username, course_id) VALUES ('Id est sumo hinc. Detraxit abhorreant pro eu, et consul feugait mnesarchum qui, civibus cotidieque necessitatibus exmea.', 'roethke', '28');
INSERT INTO submissions (description, username, course_id) VALUES ('Eu cum regione dissentiet, at eos quodsi discere quaestio.', 'tiloine', '28');
INSERT INTO submissions (description, username, course_id) VALUES ('Mel nisl molestie ex, at delectus voluptatum ius, ius cu veritus appareat.', 'rosinski', '28');
INSERT INTO submissions (description, username, course_id) VALUES ('Te vis discere alterum prodesset, eam te mucius sententiae, mel unum natum commodo ut.', 'phenobarbitone', '29');
INSERT INTO submissions (description, username, course_id) VALUES ('Nam eu saepe delenit, at nam quem splendide evertitur. At modo posse regione per. Duo augue viris ne, velit equidem convenire te pro.', 'supposititious', '29');
INSERT INTO submissions (description, username, course_id) VALUES ('At per augue incorrupte deterruisset, habeo eleifend ex sea, zril aliquam intellegam eam at.', 'phenobarbitone', '29');
INSERT INTO submissions (description, username, course_id) VALUES ('Amet voluptua sensibus sed et, te movet contentiones vis, in eum quas porro utroque.', 'whomever', '30');
INSERT INTO submissions (description, username, course_id) VALUES ('Clita putent offendit ei nam, pro at nulla nobis. In unum antiopam dissentias vim.', 'strother', '30');
INSERT INTO submissions (description, username, course_id) VALUES ('Eu cum regione dissentiet, at eos quodsi discere quaestio.', 'racemic', '30');
INSERT INTO submissions (description, username, course_id) VALUES ('Atqui labores perpetua ad est, ne usu elit audiam instructior. In vim iusto utinam explicari.', 'guarneri', '31');
INSERT INTO submissions (description, username, course_id) VALUES ('Paulo rationibus ex mea, ex feugait percipitur scripserit quo.', 'plaything', '31');
INSERT INTO submissions (description, username, course_id) VALUES ('Partiendo molestiae temporibus per in, tantas democritum definitiones ei pro.', 'roethke', '31');
INSERT INTO submissions (description, username, course_id) VALUES ('Ne qui dicat placerat platonem, atqui veniam necessitatibus et usu. Ut sea atqui etiam sensibus.', 'cisalpine', '32');
INSERT INTO submissions (description, username, course_id) VALUES ('Mei ea patrioque voluptaria, in eum melius tractatos adversarium.', 'nelidanelie', '32');
INSERT INTO submissions (description, username, course_id) VALUES ('Usu autem omittam no.', 'plaything', '32');
INSERT INTO submissions (description, username, course_id) VALUES ('At per augue incorrupte deterruisset, habeo eleifend ex sea, zril aliquam intellegam eam at.', 'traumatism', '33');
INSERT INTO submissions (description, username, course_id) VALUES ('Amet voluptua sensibus sed et, te movet contentiones vis, in eum quas porro utroque.', 'optimism', '33');
INSERT INTO submissions (description, username, course_id) VALUES ('Vel equidem platonem convenire ut, et mel cibo petentium, ius te simul delicatissimi.', 'traumatism', '33');
INSERT INTO submissions (description, username, course_id) VALUES ('Mel nisl molestie ex, at delectus voluptatum ius, ius cu veritus appareat.', 'keller', '34');
INSERT INTO submissions (description, username, course_id) VALUES ('Per possit appetere suavitate no, pri te vidit timeam. Detracto albucius definitionem ei nec, id timeam complectitur duo.', 'keller', '34');
INSERT INTO submissions (description, username, course_id) VALUES ('Iudico tacimates temporibus ea eos, choro eligendi tincidunt in cum.', 'racemic', '34');
INSERT INTO submissions (description, username, course_id) VALUES ('Paulo rationibus ex mea, ex feugait percipitur scripserit quo.', 'marthmartha', '35');
INSERT INTO submissions (description, username, course_id) VALUES ('Paulo rationibus ex mea, ex feugait percipitur scripserit quo.', 'openandshut', '35');
INSERT INTO submissions (description, username, course_id) VALUES ('Pro at postea vivendum argumentum.', 'supposititious', '35');
INSERT INTO submissions (description, username, course_id) VALUES ('At per augue incorrupte deterruisset, habeo eleifend ex sea, zril aliquam intellegam eam at.', 'traumatism', '36');
INSERT INTO submissions (description, username, course_id) VALUES ('Clita putent offendit ei nam, pro at nulla nobis. In unum antiopam dissentias vim.', 'openandshut', '36');
INSERT INTO submissions (description, username, course_id) VALUES ('His in oratio petentium.', 'highhat', '36');
INSERT INTO submissions (description, username, course_id) VALUES ('Vim erant senserit voluptatum id, no vim stet summo.', 'incrustation', '37');
INSERT INTO submissions (description, username, course_id) VALUES ('Vel equidem platonem convenire ut, et mel cibo petentium, ius te simul delicatissimi.', 'nelidanelie', '37');
INSERT INTO submissions (description, username, course_id) VALUES ('Vim erant senserit voluptatum id, no vim stet summo.', 'keller', '37');
INSERT INTO submissions (description, username, course_id) VALUES ('Et sit cibo modus dissentiet, ex qui fugit incorrupte, eu sit adhuc salutandi principes.', 'staats', '38');
INSERT INTO submissions (description, username, course_id) VALUES ('Clita putent offendit ei nam, pro at nulla nobis. In unum antiopam dissentias vim.', 'clackmannan', '38');
INSERT INTO submissions (description, username, course_id) VALUES ('Mea id sint summo pertinax, idque exerci his ad.', 'strother', '38');
INSERT INTO submissions (description, username, course_id) VALUES ('Mea id sint summo pertinax, idque exerci his ad.', 'keller', '39');
INSERT INTO submissions (description, username, course_id) VALUES ('Per possit appetere suavitate no, pri te vidit timeam. Detracto albucius definitionem ei nec, id timeam complectitur duo.', 'clackmannan', '39');
INSERT INTO submissions (description, username, course_id) VALUES ('Atqui labores perpetua ad est, ne usu elit audiam instructior. In vim iusto utinam explicari.', 'administrator', '39');
INSERT INTO submissions (description, username, course_id) VALUES ('Eu justo docendi mea, mel principes referrentur id. Possit detraxit mea cu, eu has prima propriae.', 'clackmannan', '40');
INSERT INTO submissions (description, username, course_id) VALUES ('Euripidis sadipscing vel ei, modus percipit vis an, malis primis dissentias sed ei.', 'marthmartha', '40');
INSERT INTO submissions (description, username, course_id) VALUES ('Nam eu saepe delenit, at nam quem splendide evertitur. At modo posse regione per. Duo augue viris ne, velit equidem convenire te pro.', 'keller', '40');
INSERT INTO submissions (description, username, course_id) VALUES ('An nec primis quaeque maluisset, sed doctus tincidunt reformidans an.', 'mccalla', '41');
INSERT INTO submissions (description, username, course_id) VALUES ('Summo phaedrum ei eum, quaeque fastidii est cu. Meliore officiis ei eos, sed essent aperiri probatus id.', 'guarneri', '41');
INSERT INTO submissions (description, username, course_id) VALUES ('Has elitr saepe urbanitas ei, et mundi quodsi nostrud sed.', 'staats', '41');
INSERT INTO submissions (description, username, course_id) VALUES ('Partiendo molestiae temporibus per in, tantas democritum definitiones ei pro.', 'phenobarbitone', '42');
INSERT INTO submissions (description, username, course_id) VALUES ('Has elitr saepe urbanitas ei, et mundi quodsi nostrud sed.', 'clackmannan', '42');
INSERT INTO submissions (description, username, course_id) VALUES ('Et sit cibo modus dissentiet, ex qui fugit incorrupte, eu sit adhuc salutandi principes.', 'traumatism', '42');
INSERT INTO submissions (description, username, course_id) VALUES ('Vim erant senserit voluptatum id, no vim stet summo.', 'guarneri', '43');
INSERT INTO submissions (description, username, course_id) VALUES ('Per possit appetere suavitate no, pri te vidit timeam. Detracto albucius definitionem ei nec, id timeam complectitur duo.', 'incrustation', '43');
INSERT INTO submissions (description, username, course_id) VALUES ('His in oratio petentium.', 'marthmartha', '43');
INSERT INTO submissions (description, username, course_id) VALUES ('Euripidis sadipscing vel ei, modus percipit vis an, malis primis dissentias sed ei.', 'clackmannan', '44');
INSERT INTO submissions (description, username, course_id) VALUES ('Per possit appetere suavitate no, pri te vidit timeam. Detracto albucius definitionem ei nec, id timeam complectitur duo.', 'mythopoeic', '44');
INSERT INTO submissions (description, username, course_id) VALUES ('Paulo rationibus ex mea, ex feugait percipitur scripserit quo.', 'plaything', '44');
INSERT INTO submissions (description, username, course_id) VALUES ('Ne sea alienum oportere, quaestio partiendo teeum.', 'guarneri', '45');
INSERT INTO submissions (description, username, course_id) VALUES ('Euripidis sadipscing vel ei, modus percipit vis an, malis primis dissentias sed ei.', 'needlecraft', '45');
INSERT INTO submissions (description, username, course_id) VALUES ('Mei ea patrioque voluptaria, in eum melius tractatos adversarium.', 'needlecraft', '45');
INSERT INTO submissions (description, username, course_id) VALUES ('His in oratio petentium.', 'racemic', '46');
INSERT INTO submissions (description, username, course_id) VALUES ('Pro at postea vivendum argumentum.', 'parable', '46');
INSERT INTO submissions (description, username, course_id) VALUES ('Et sit cibo modus dissentiet, ex qui fugit incorrupte, eu sit adhuc salutandi principes.', 'openandshut', '46');
INSERT INTO submissions (description, username, course_id) VALUES ('Iisque epicuri eam an, mel ad unum antiopam deterruisset, probo evertitur nec at.', 'cisalpine', '47');
INSERT INTO submissions (description, username, course_id) VALUES ('Nam eu saepe delenit, at nam quem splendide evertitur. At modo posse regione per. Duo augue viris ne, velit equidem convenire te pro.', 'openandshut', '47');
INSERT INTO submissions (description, username, course_id) VALUES ('Partiendo molestiae temporibus per in, tantas democritum definitiones ei pro.', 'numberless', '47');
INSERT INTO submissions (description, username, course_id) VALUES ('Iudico tacimates temporibus ea eos, choro eligendi tincidunt in cum.', 'eject', '48');
INSERT INTO submissions (description, username, course_id) VALUES ('Ne nulla libris deterruisset eam, maiorum facilisi an duo.', 'cathey', '48');
INSERT INTO submissions (description, username, course_id) VALUES ('Partiendo molestiae temporibus per in, tantas democritum definitiones ei pro.', 'nelidanelie', '48');
INSERT INTO submissions (description, username, course_id) VALUES ('Habemus fuisset et vis. Purto elit qui no, in ius movet dicit. In dolore fierent epicurei mea. Sit ne omnes ancillae, mea no erat suscipiantur.', 'numberless', '49');
INSERT INTO submissions (description, username, course_id) VALUES ('Mei ea patrioque voluptaria, in eum melius tractatos adversarium.', 'roethke', '49');
INSERT INTO submissions (description, username, course_id) VALUES ('Eum ea quas feugiat vivendo, inermis recteque scripserit mel eu.', 'kuopio', '49');
INSERT INTO submissions (description, username, course_id) VALUES ('Mei ea patrioque voluptaria, in eum melius tractatos adversarium.', 'rosinski', '50');
INSERT INTO submissions (description, username, course_id) VALUES ('Has elitr saepe urbanitas ei, et mundi quodsi nostrud sed.', 'optimism', '50');
INSERT INTO submissions (description, username, course_id) VALUES ('Iudico tacimates temporibus ea eos, choro eligendi tincidunt in cum.', 'strother', '50');
INSERT INTO content (submission_id, url, filename) VALUES ('1', 'HW 6', 'HW 6');
INSERT INTO content (submission_id, url, filename) VALUES ('2', 'HW 3', 'HW 3');
INSERT INTO content (submission_id, url, filename) VALUES ('3', 'HW 6', 'HW 6');
INSERT INTO content (submission_id, url, filename) VALUES ('4', 'HW 6', 'HW 6');
INSERT INTO content (submission_id, url, filename) VALUES ('5', 'Practice Test', 'Practice Test');
INSERT INTO content (submission_id, url, filename) VALUES ('6', 'All HW', 'All HW');
INSERT INTO content (submission_id, url, filename) VALUES ('7', 'HW 5', 'HW 5');
INSERT INTO content (submission_id, url, filename) VALUES ('8', 'HW 5', 'HW 5');
INSERT INTO content (submission_id, url, filename) VALUES ('9', 'HW 6', 'HW 6');
INSERT INTO content (submission_id, url, filename) VALUES ('10', 'All HW', 'All HW');
INSERT INTO content (submission_id, url, filename) VALUES ('11', 'Study Guide Test 1', 'Study Guide Test 1');
INSERT INTO content (submission_id, url, filename) VALUES ('12', 'HW 3', 'HW 3');
INSERT INTO content (submission_id, url, filename) VALUES ('13', 'HW 1', 'HW 1');
INSERT INTO content (submission_id, url, filename) VALUES ('14', 'HW 6', 'HW 6');
INSERT INTO content (submission_id, url, filename) VALUES ('15', 'HW 4', 'HW 4');
INSERT INTO content (submission_id, url, filename) VALUES ('16', 'HW 1', 'HW 1');
INSERT INTO content (submission_id, url, filename) VALUES ('17', 'Study Guide Test 3', 'Study Guide Test 3');
INSERT INTO content (submission_id, url, filename) VALUES ('18', 'All HW', 'All HW');
INSERT INTO content (submission_id, url, filename) VALUES ('19', 'HW0-10', 'HW0-10');
INSERT INTO content (submission_id, url, filename) VALUES ('20', 'Study Guide Test 3', 'Study Guide Test 3');
INSERT INTO content (submission_id, url, filename) VALUES ('21', 'HW 2', 'HW 2');
INSERT INTO content (submission_id, url, filename) VALUES ('22', 'Study Guide Test 1', 'Study Guide Test 1');
INSERT INTO content (submission_id, url, filename) VALUES ('23', 'Practice Test', 'Practice Test');
INSERT INTO content (submission_id, url, filename) VALUES ('24', 'Study Guide Test 1', 'Study Guide Test 1');
INSERT INTO content (submission_id, url, filename) VALUES ('25', 'HW 4', 'HW 4');
INSERT INTO content (submission_id, url, filename) VALUES ('26', 'Practice Test', 'Practice Test');
INSERT INTO content (submission_id, url, filename) VALUES ('27', 'Study Guide Test 3', 'Study Guide Test 3');
INSERT INTO content (submission_id, url, filename) VALUES ('28', 'Practice Test', 'Practice Test');
INSERT INTO content (submission_id, url, filename) VALUES ('29', 'HW 3', 'HW 3');
INSERT INTO content (submission_id, url, filename) VALUES ('30', 'Study Guide Test 3', 'Study Guide Test 3');
INSERT INTO content (submission_id, url, filename) VALUES ('31', 'HW 3', 'HW 3');
INSERT INTO content (submission_id, url, filename) VALUES ('32', 'Study Guide Test 1', 'Study Guide Test 1');
INSERT INTO content (submission_id, url, filename) VALUES ('33', 'Practice Test', 'Practice Test');
INSERT INTO content (submission_id, url, filename) VALUES ('34', 'Study Guide Test 3', 'Study Guide Test 3');
INSERT INTO content (submission_id, url, filename) VALUES ('35', 'Study Guide Test 1', 'Study Guide Test 1');
INSERT INTO content (submission_id, url, filename) VALUES ('36', 'HW0-10', 'HW0-10');
INSERT INTO content (submission_id, url, filename) VALUES ('37', 'HW 1', 'HW 1');
INSERT INTO content (submission_id, url, filename) VALUES ('38', 'HW0-10', 'HW0-10');
INSERT INTO content (submission_id, url, filename) VALUES ('39', 'HW 2', 'HW 2');
INSERT INTO content (submission_id, url, filename) VALUES ('40', 'HW 2', 'HW 2');
INSERT INTO content (submission_id, url, filename) VALUES ('41', 'HW 5', 'HW 5');
INSERT INTO content (submission_id, url, filename) VALUES ('42', 'HW0-10', 'HW0-10');
INSERT INTO content (submission_id, url, filename) VALUES ('43', 'All HW', 'All HW');
INSERT INTO content (submission_id, url, filename) VALUES ('44', 'Study Guide Test 3', 'Study Guide Test 3');
INSERT INTO content (submission_id, url, filename) VALUES ('45', 'HW 3', 'HW 3');
INSERT INTO content (submission_id, url, filename) VALUES ('46', 'All HW', 'All HW');
INSERT INTO content (submission_id, url, filename) VALUES ('47', 'Study Guide Test 1', 'Study Guide Test 1');
INSERT INTO content (submission_id, url, filename) VALUES ('48', 'HW 5', 'HW 5');
INSERT INTO content (submission_id, url, filename) VALUES ('49', 'HW 1', 'HW 1');
INSERT INTO content (submission_id, url, filename) VALUES ('50', 'HW0-10', 'HW0-10');
INSERT INTO content (submission_id, url, filename) VALUES ('51', 'HW0-10', 'HW0-10');
INSERT INTO content (submission_id, url, filename) VALUES ('52', 'Practice Test', 'Practice Test');
INSERT INTO content (submission_id, url, filename) VALUES ('53', 'HW 1', 'HW 1');
INSERT INTO content (submission_id, url, filename) VALUES ('54', 'HW 5', 'HW 5');
INSERT INTO content (submission_id, url, filename) VALUES ('55', 'All HW', 'All HW');
INSERT INTO content (submission_id, url, filename) VALUES ('56', 'HW 4', 'HW 4');
INSERT INTO content (submission_id, url, filename) VALUES ('57', 'HW 4', 'HW 4');
INSERT INTO content (submission_id, url, filename) VALUES ('58', 'HW 1', 'HW 1');
INSERT INTO content (submission_id, url, filename) VALUES ('59', 'Study Guide Test 1', 'Study Guide Test 1');
INSERT INTO content (submission_id, url, filename) VALUES ('60', 'HW 4', 'HW 4');
INSERT INTO content (submission_id, url, filename) VALUES ('61', 'HW 3', 'HW 3');
INSERT INTO content (submission_id, url, filename) VALUES ('62', 'Study Guide Test 1', 'Study Guide Test 1');
INSERT INTO content (submission_id, url, filename) VALUES ('63', 'HW0-10', 'HW0-10');
INSERT INTO content (submission_id, url, filename) VALUES ('64', 'HW 2', 'HW 2');
INSERT INTO content (submission_id, url, filename) VALUES ('65', 'HW 5', 'HW 5');
INSERT INTO content (submission_id, url, filename) VALUES ('66', 'HW 4', 'HW 4');
INSERT INTO content (submission_id, url, filename) VALUES ('67', 'HW 2', 'HW 2');
INSERT INTO content (submission_id, url, filename) VALUES ('68', 'HW 3', 'HW 3');
INSERT INTO content (submission_id, url, filename) VALUES ('69', 'HW 4', 'HW 4');
INSERT INTO content (submission_id, url, filename) VALUES ('70', 'Study Guide Test 3', 'Study Guide Test 3');
INSERT INTO content (submission_id, url, filename) VALUES ('71', 'All HW', 'All HW');
INSERT INTO content (submission_id, url, filename) VALUES ('72', 'HW 5', 'HW 5');
INSERT INTO content (submission_id, url, filename) VALUES ('73', 'Practice Test', 'Practice Test');
INSERT INTO content (submission_id, url, filename) VALUES ('74', 'All HW', 'All HW');
INSERT INTO content (submission_id, url, filename) VALUES ('75', 'HW 1', 'HW 1');
INSERT INTO content (submission_id, url, filename) VALUES ('76', 'HW 5', 'HW 5');
INSERT INTO content (submission_id, url, filename) VALUES ('77', 'All HW', 'All HW');
INSERT INTO content (submission_id, url, filename) VALUES ('78', 'Study Guide Test 3', 'Study Guide Test 3');
INSERT INTO content (submission_id, url, filename) VALUES ('79', 'All HW', 'All HW');
INSERT INTO content (submission_id, url, filename) VALUES ('80', 'HW 3', 'HW 3');
INSERT INTO content (submission_id, url, filename) VALUES ('81', 'Study Guide Test 1', 'Study Guide Test 1');
INSERT INTO content (submission_id, url, filename) VALUES ('82', 'All HW', 'All HW');
INSERT INTO content (submission_id, url, filename) VALUES ('83', 'HW 6', 'HW 6');
INSERT INTO content (submission_id, url, filename) VALUES ('84', 'HW 4', 'HW 4');
INSERT INTO content (submission_id, url, filename) VALUES ('85', 'HW 5', 'HW 5');
INSERT INTO content (submission_id, url, filename) VALUES ('86', 'Study Guide Test 1', 'Study Guide Test 1');
INSERT INTO content (submission_id, url, filename) VALUES ('87', 'All HW', 'All HW');
INSERT INTO content (submission_id, url, filename) VALUES ('88', 'Practice Test', 'Practice Test');
INSERT INTO content (submission_id, url, filename) VALUES ('89', 'HW 4', 'HW 4');
INSERT INTO content (submission_id, url, filename) VALUES ('90', 'HW 1', 'HW 1');
INSERT INTO content (submission_id, url, filename) VALUES ('91', 'Study Guide Test 1', 'Study Guide Test 1');
INSERT INTO content (submission_id, url, filename) VALUES ('92', 'Practice Test', 'Practice Test');
INSERT INTO content (submission_id, url, filename) VALUES ('93', 'HW 3', 'HW 3');
INSERT INTO content (submission_id, url, filename) VALUES ('94', 'HW 4', 'HW 4');
INSERT INTO content (submission_id, url, filename) VALUES ('95', 'HW 1', 'HW 1');
INSERT INTO content (submission_id, url, filename) VALUES ('96', 'Study Guide Test 3', 'Study Guide Test 3');
INSERT INTO content (submission_id, url, filename) VALUES ('97', 'HW 2', 'HW 2');
INSERT INTO content (submission_id, url, filename) VALUES ('98', 'Practice Test', 'Practice Test');
INSERT INTO content (submission_id, url, filename) VALUES ('99', 'HW0-10', 'HW0-10');
INSERT INTO content (submission_id, url, filename) VALUES ('100', 'Study Guide Test 3', 'Study Guide Test 3');
INSERT INTO content (submission_id, url, filename) VALUES ('101', 'All HW', 'All HW');
INSERT INTO content (submission_id, url, filename) VALUES ('102', 'HW 1', 'HW 1');
INSERT INTO content (submission_id, url, filename) VALUES ('103', 'HW 1', 'HW 1');
INSERT INTO content (submission_id, url, filename) VALUES ('104', 'HW 6', 'HW 6');
INSERT INTO content (submission_id, url, filename) VALUES ('105', 'Study Guide Test 1', 'Study Guide Test 1');
INSERT INTO content (submission_id, url, filename) VALUES ('106', 'HW 1', 'HW 1');
INSERT INTO content (submission_id, url, filename) VALUES ('107', 'Practice Test', 'Practice Test');
INSERT INTO content (submission_id, url, filename) VALUES ('108', 'Study Guide Test 1', 'Study Guide Test 1');
INSERT INTO content (submission_id, url, filename) VALUES ('109', 'HW 5', 'HW 5');
INSERT INTO content (submission_id, url, filename) VALUES ('110', 'All HW', 'All HW');
INSERT INTO content (submission_id, url, filename) VALUES ('111', 'HW 2', 'HW 2');
INSERT INTO content (submission_id, url, filename) VALUES ('112', 'Study Guide Test 1', 'Study Guide Test 1');
INSERT INTO content (submission_id, url, filename) VALUES ('113', 'Practice Test', 'Practice Test');
INSERT INTO content (submission_id, url, filename) VALUES ('114', 'HW 4', 'HW 4');
INSERT INTO content (submission_id, url, filename) VALUES ('115', 'HW 2', 'HW 2');
INSERT INTO content (submission_id, url, filename) VALUES ('116', 'All HW', 'All HW');
INSERT INTO content (submission_id, url, filename) VALUES ('117', 'HW 4', 'HW 4');
INSERT INTO content (submission_id, url, filename) VALUES ('118', 'HW 6', 'HW 6');
INSERT INTO content (submission_id, url, filename) VALUES ('119', 'HW0-10', 'HW0-10');
INSERT INTO content (submission_id, url, filename) VALUES ('120', 'Study Guide Test 1', 'Study Guide Test 1');
INSERT INTO content (submission_id, url, filename) VALUES ('121', 'Study Guide Test 1', 'Study Guide Test 1');
INSERT INTO content (submission_id, url, filename) VALUES ('122', 'HW0-10', 'HW0-10');
INSERT INTO content (submission_id, url, filename) VALUES ('123', 'Study Guide Test 1', 'Study Guide Test 1');
INSERT INTO content (submission_id, url, filename) VALUES ('124', 'HW 6', 'HW 6');
INSERT INTO content (submission_id, url, filename) VALUES ('125', 'Study Guide Test 1', 'Study Guide Test 1');
INSERT INTO content (submission_id, url, filename) VALUES ('126', 'Study Guide Test 1', 'Study Guide Test 1');
INSERT INTO content (submission_id, url, filename) VALUES ('127', 'HW 3', 'HW 3');
INSERT INTO content (submission_id, url, filename) VALUES ('128', 'Practice Test', 'Practice Test');
INSERT INTO content (submission_id, url, filename) VALUES ('129', 'All HW', 'All HW');
INSERT INTO content (submission_id, url, filename) VALUES ('130', 'HW 5', 'HW 5');
INSERT INTO content (submission_id, url, filename) VALUES ('131', 'Study Guide Test 1', 'Study Guide Test 1');
INSERT INTO content (submission_id, url, filename) VALUES ('132', 'Practice Test', 'Practice Test');
INSERT INTO content (submission_id, url, filename) VALUES ('133', 'Study Guide Test 1', 'Study Guide Test 1');
INSERT INTO content (submission_id, url, filename) VALUES ('134', 'HW 6', 'HW 6');
INSERT INTO content (submission_id, url, filename) VALUES ('135', 'HW 3', 'HW 3');
INSERT INTO content (submission_id, url, filename) VALUES ('136', 'Study Guide Test 1', 'Study Guide Test 1');
INSERT INTO content (submission_id, url, filename) VALUES ('137', 'All HW', 'All HW');
INSERT INTO content (submission_id, url, filename) VALUES ('138', 'HW 6', 'HW 6');
INSERT INTO content (submission_id, url, filename) VALUES ('139', 'HW 2', 'HW 2');
INSERT INTO content (submission_id, url, filename) VALUES ('140', 'Study Guide Test 1', 'Study Guide Test 1');
INSERT INTO content (submission_id, url, filename) VALUES ('141', 'Study Guide Test 3', 'Study Guide Test 3');
INSERT INTO content (submission_id, url, filename) VALUES ('142', 'Practice Test', 'Practice Test');
INSERT INTO content (submission_id, url, filename) VALUES ('143', 'HW 6', 'HW 6');
INSERT INTO content (submission_id, url, filename) VALUES ('144', 'HW 1', 'HW 1');
INSERT INTO content (submission_id, url, filename) VALUES ('145', 'HW 3', 'HW 3');
INSERT INTO content (submission_id, url, filename) VALUES ('146', 'Study Guide Test 1', 'Study Guide Test 1');
INSERT INTO content (submission_id, url, filename) VALUES ('147', 'All HW', 'All HW');
INSERT INTO content (submission_id, url, filename) VALUES ('148', 'HW0-10', 'HW0-10');
INSERT INTO content (submission_id, url, filename) VALUES ('149', 'HW 6', 'HW 6');
INSERT INTO content (submission_id, url, filename) VALUES ('150', 'HW 3', 'HW 3');
INSERT INTO ratings (submission_id, url, username, rating) VALUES ('1', 'HW 6', 'roethke', '1');
INSERT INTO ratings (submission_id, url, username, rating) VALUES ('1', 'HW 6', 'guarneri', '5');
INSERT INTO ratings (submission_id, url, username, rating) VALUES ('2', 'HW 3', 'lated', '2');
INSERT INTO ratings (submission_id, url, username, rating) VALUES ('3', 'HW 6', 'strother', '1');
INSERT INTO ratings (submission_id, url, username, rating) VALUES ('4', 'HW 6', 'plaything', '2');
INSERT INTO ratings (submission_id, url, username, rating) VALUES ('4', 'HW 6', 'xenomorphic', '3');
INSERT INTO ratings (submission_id, url, username, rating) VALUES ('5', 'Practice Test', 'roethke', '4');
INSERT INTO ratings (submission_id, url, username, rating) VALUES ('5', 'Practice Test', 'phenobarbitone', '2');
INSERT INTO ratings (submission_id, url, username, rating) VALUES ('6', 'All HW', 'highhat', '3');
INSERT INTO ratings (submission_id, url, username, rating) VALUES ('6', 'All HW', 'staats', '3');
INSERT INTO ratings (submission_id, url, username, rating) VALUES ('7', 'HW 5', 'mythopoeic', '3');
INSERT INTO ratings (submission_id, url, username, rating) VALUES ('7', 'HW 5', 'marthmartha', '1');
INSERT INTO ratings (submission_id, url, username, rating) VALUES ('8', 'HW 5', 'traumatism', '1');
INSERT INTO ratings (submission_id, url, username, rating) VALUES ('8', 'HW 5', 'marthmartha', '4');
INSERT INTO ratings (submission_id, url, username, rating) VALUES ('9', 'HW 6', 'phenobarbitone', '1');
INSERT INTO ratings (submission_id, url, username, rating) VALUES ('10', 'All HW', 'administrator', '2');
INSERT INTO ratings (submission_id, url, username, rating) VALUES ('11', 'Study Guide Test 1', 'openandshut', '1');
INSERT INTO ratings (submission_id, url, username, rating) VALUES ('11', 'Study Guide Test 1', 'blende', '1');
INSERT INTO ratings (submission_id, url, username, rating) VALUES ('12', 'HW 3', 'phenobarbitone', '4');
INSERT INTO ratings (submission_id, url, username, rating) VALUES ('12', 'HW 3', 'clackmannan', '4');
INSERT INTO ratings (submission_id, url, username, rating) VALUES ('12', 'HW 3', 'keller', '3');
INSERT INTO ratings (submission_id, url, username, rating) VALUES ('13', 'HW 1', 'incrustation', '3');
INSERT INTO ratings (submission_id, url, username, rating) VALUES ('14', 'HW 6', 'plaything', '4');
INSERT INTO ratings (submission_id, url, username, rating) VALUES ('15', 'HW 4', 'phenobarbitone', '3');
INSERT INTO ratings (submission_id, url, username, rating) VALUES ('15', 'HW 4', 'traumatism', '5');
INSERT INTO ratings (submission_id, url, username, rating) VALUES ('16', 'HW 1', 'unstrained', '2');
INSERT INTO ratings (submission_id, url, username, rating) VALUES ('17', 'Study Guide Test 3', 'staats', '2');
INSERT INTO ratings (submission_id, url, username, rating) VALUES ('18', 'All HW', 'eye', '1');
INSERT INTO ratings (submission_id, url, username, rating) VALUES ('18', 'All HW', 'edbert', '3');
INSERT INTO ratings (submission_id, url, username, rating) VALUES ('19', 'HW0-10', 'edbert', '5');
INSERT INTO ratings (submission_id, url, username, rating) VALUES ('19', 'HW0-10', 'incrustation', '5');
INSERT INTO ratings (submission_id, url, username, rating) VALUES ('19', 'HW0-10', 'eye', '5');
INSERT INTO ratings (submission_id, url, username, rating) VALUES ('20', 'Study Guide Test 3', 'whomever', '2');
INSERT INTO ratings (submission_id, url, username, rating) VALUES ('20', 'Study Guide Test 3', 'cisalpine', '5');
INSERT INTO ratings (submission_id, url, username, rating) VALUES ('21', 'HW 2', 'kuopio', '1');
INSERT INTO ratings (submission_id, url, username, rating) VALUES ('21', 'HW 2', 'supposititious', '3');
INSERT INTO ratings (submission_id, url, username, rating) VALUES ('21', 'HW 2', 'cathey', '5');
INSERT INTO ratings (submission_id, url, username, rating) VALUES ('22', 'Study Guide Test 1', 'parable', '4');
INSERT INTO ratings (submission_id, url, username, rating) VALUES ('22', 'Study Guide Test 1', 'marthmartha', '4');
INSERT INTO ratings (submission_id, url, username, rating) VALUES ('23', 'Practice Test', 'administrator', '4');
INSERT INTO ratings (submission_id, url, username, rating) VALUES ('24', 'Study Guide Test 1', 'eye', '3');
INSERT INTO ratings (submission_id, url, username, rating) VALUES ('24', 'Study Guide Test 1', 'racemic', '3');
INSERT INTO ratings (submission_id, url, username, rating) VALUES ('24', 'Study Guide Test 1', 'needlecraft', '5');
INSERT INTO ratings (submission_id, url, username, rating) VALUES ('25', 'HW 4', 'cathey', '3');
INSERT INTO ratings (submission_id, url, username, rating) VALUES ('26', 'Practice Test', 'eject', '2');
INSERT INTO ratings (submission_id, url, username, rating) VALUES ('27', 'Study Guide Test 3', 'guarneri', '1');
INSERT INTO ratings (submission_id, url, username, rating) VALUES ('27', 'Study Guide Test 3', 'carnegie', '5');
INSERT INTO ratings (submission_id, url, username, rating) VALUES ('27', 'Study Guide Test 3', 'optimism', '1');
INSERT INTO ratings (submission_id, url, username, rating) VALUES ('28', 'Practice Test', 'parable', '1');
INSERT INTO ratings (submission_id, url, username, rating) VALUES ('29', 'HW 3', 'supposititious', '4');
INSERT INTO ratings (submission_id, url, username, rating) VALUES ('29', 'HW 3', 'keller', '3');
INSERT INTO ratings (submission_id, url, username, rating) VALUES ('30', 'Study Guide Test 3', 'marthmartha', '5');
INSERT INTO ratings (submission_id, url, username, rating) VALUES ('31', 'HW 3', 'guarneri', '5');
INSERT INTO ratings (submission_id, url, username, rating) VALUES ('31', 'HW 3', 'lated', '2');
INSERT INTO ratings (submission_id, url, username, rating) VALUES ('32', 'Study Guide Test 1', 'phip', '3');
INSERT INTO ratings (submission_id, url, username, rating) VALUES ('32', 'Study Guide Test 1', 'xenomorphic', '1');
INSERT INTO ratings (submission_id, url, username, rating) VALUES ('33', 'Practice Test', 'needlecraft', '4');
INSERT INTO ratings (submission_id, url, username, rating) VALUES ('34', 'Study Guide Test 3', 'carnegie', '4');
INSERT INTO ratings (submission_id, url, username, rating) VALUES ('34', 'Study Guide Test 3', 'cisalpine', '3');
INSERT INTO ratings (submission_id, url, username, rating) VALUES ('34', 'Study Guide Test 3', 'kuopio', '3');
INSERT INTO ratings (submission_id, url, username, rating) VALUES ('35', 'Study Guide Test 1', 'kalinin', '1');
INSERT INTO ratings (submission_id, url, username, rating) VALUES ('36', 'HW0-10', 'mccalla', '5');
INSERT INTO ratings (submission_id, url, username, rating) VALUES ('36', 'HW0-10', 'racemic', '1');
INSERT INTO ratings (submission_id, url, username, rating) VALUES ('37', 'HW 1', 'edbert', '4');
INSERT INTO ratings (submission_id, url, username, rating) VALUES ('38', 'HW0-10', 'rosinski', '4');
INSERT INTO ratings (submission_id, url, username, rating) VALUES ('38', 'HW0-10', 'cisalpine', '1');
INSERT INTO ratings (submission_id, url, username, rating) VALUES ('38', 'HW0-10', 'administrator', '3');
INSERT INTO ratings (submission_id, url, username, rating) VALUES ('39', 'HW 2', 'phenobarbitone', '4');
INSERT INTO ratings (submission_id, url, username, rating) VALUES ('40', 'HW 2', 'whomever', '1');
INSERT INTO ratings (submission_id, url, username, rating) VALUES ('41', 'HW 5', 'mohsen', '4');
INSERT INTO ratings (submission_id, url, username, rating) VALUES ('42', 'HW0-10', 'parable', '1');
INSERT INTO ratings (submission_id, url, username, rating) VALUES ('42', 'HW0-10', 'kalinin', '1');
INSERT INTO ratings (submission_id, url, username, rating) VALUES ('43', 'All HW', 'supposititious', '2');
INSERT INTO ratings (submission_id, url, username, rating) VALUES ('43', 'All HW', 'parable', '4');
INSERT INTO ratings (submission_id, url, username, rating) VALUES ('43', 'All HW', 'cathey', '4');
INSERT INTO ratings (submission_id, url, username, rating) VALUES ('44', 'Study Guide Test 3', 'edbert', '2');
INSERT INTO ratings (submission_id, url, username, rating) VALUES ('45', 'HW 3', 'carnegie', '5');
INSERT INTO ratings (submission_id, url, username, rating) VALUES ('45', 'HW 3', 'administrator', '4');
INSERT INTO ratings (submission_id, url, username, rating) VALUES ('46', 'All HW', 'optimism', '1');
INSERT INTO ratings (submission_id, url, username, rating) VALUES ('47', 'Study Guide Test 1', 'cathey', '2');
INSERT INTO ratings (submission_id, url, username, rating) VALUES ('47', 'Study Guide Test 1', 'racemic', '3');
INSERT INTO ratings (submission_id, url, username, rating) VALUES ('47', 'Study Guide Test 1', 'needlecraft', '1');
INSERT INTO ratings (submission_id, url, username, rating) VALUES ('48', 'HW 5', 'phenobarbitone', '5');
INSERT INTO ratings (submission_id, url, username, rating) VALUES ('48', 'HW 5', 'eye', '5');
INSERT INTO ratings (submission_id, url, username, rating) VALUES ('48', 'HW 5', 'roethke', '1');
INSERT INTO ratings (submission_id, url, username, rating) VALUES ('49', 'HW 1', 'plaything', '2');
INSERT INTO ratings (submission_id, url, username, rating) VALUES ('50', 'HW0-10', 'carnegie', '2');
INSERT INTO ratings (submission_id, url, username, rating) VALUES ('50', 'HW0-10', 'parable', '5');
INSERT INTO ratings (submission_id, url, username, rating) VALUES ('50', 'HW0-10', 'kuopio', '4');
INSERT INTO ratings (submission_id, url, username, rating) VALUES ('51', 'HW0-10', 'tiloine', '2');
INSERT INTO ratings (submission_id, url, username, rating) VALUES ('51', 'HW0-10', 'phip', '3');
INSERT INTO ratings (submission_id, url, username, rating) VALUES ('52', 'Practice Test', 'racemic', '5');
INSERT INTO ratings (submission_id, url, username, rating) VALUES ('52', 'Practice Test', 'incrustation', '4');
INSERT INTO ratings (submission_id, url, username, rating) VALUES ('53', 'HW 1', 'parable', '3');
INSERT INTO ratings (submission_id, url, username, rating) VALUES ('54', 'HW 5', 'highhat', '5');
INSERT INTO ratings (submission_id, url, username, rating) VALUES ('54', 'HW 5', 'numberless', '4');
INSERT INTO ratings (submission_id, url, username, rating) VALUES ('54', 'HW 5', 'parable', '4');
INSERT INTO ratings (submission_id, url, username, rating) VALUES ('55', 'All HW', 'rosinski', '4');
INSERT INTO ratings (submission_id, url, username, rating) VALUES ('55', 'All HW', 'nelidanelie', '5');
INSERT INTO ratings (submission_id, url, username, rating) VALUES ('55', 'All HW', 'numberless', '2');
INSERT INTO ratings (submission_id, url, username, rating) VALUES ('56', 'HW 4', 'administrator', '3');
INSERT INTO ratings (submission_id, url, username, rating) VALUES ('57', 'HW 4', 'phip', '4');
INSERT INTO ratings (submission_id, url, username, rating) VALUES ('57', 'HW 4', 'unstrained', '2');
INSERT INTO ratings (submission_id, url, username, rating) VALUES ('58', 'HW 1', 'carnegie', '1');
INSERT INTO ratings (submission_id, url, username, rating) VALUES ('58', 'HW 1', 'rosinski', '1');
INSERT INTO ratings (submission_id, url, username, rating) VALUES ('58', 'HW 1', 'tiloine', '1');
INSERT INTO ratings (submission_id, url, username, rating) VALUES ('59', 'Study Guide Test 1', 'optimism', '2');
INSERT INTO ratings (submission_id, url, username, rating) VALUES ('60', 'HW 4', 'lated', '2');
INSERT INTO ratings (submission_id, url, username, rating) VALUES ('61', 'HW 3', 'nelidanelie', '2');
INSERT INTO ratings (submission_id, url, username, rating) VALUES ('61', 'HW 3', 'phenobarbitone', '5');
INSERT INTO ratings (submission_id, url, username, rating) VALUES ('61', 'HW 3', 'highhat', '4');
INSERT INTO ratings (submission_id, url, username, rating) VALUES ('62', 'Study Guide Test 1', 'phip', '4');
INSERT INTO ratings (submission_id, url, username, rating) VALUES ('62', 'Study Guide Test 1', 'parable', '2');
INSERT INTO ratings (submission_id, url, username, rating) VALUES ('62', 'Study Guide Test 1', 'kuopio', '1');
INSERT INTO ratings (submission_id, url, username, rating) VALUES ('63', 'HW0-10', 'strother', '3');
INSERT INTO ratings (submission_id, url, username, rating) VALUES ('64', 'HW 2', 'blende', '4');
INSERT INTO ratings (submission_id, url, username, rating) VALUES ('64', 'HW 2', 'keller', '3');
INSERT INTO ratings (submission_id, url, username, rating) VALUES ('65', 'HW 5', 'marthmartha', '4');
INSERT INTO ratings (submission_id, url, username, rating) VALUES ('65', 'HW 5', 'mythopoeic', '4');
INSERT INTO ratings (submission_id, url, username, rating) VALUES ('66', 'HW 4', 'highhat', '5');
INSERT INTO ratings (submission_id, url, username, rating) VALUES ('66', 'HW 4', 'numberless', '3');
INSERT INTO ratings (submission_id, url, username, rating) VALUES ('67', 'HW 2', 'kuopio', '4');
INSERT INTO ratings (submission_id, url, username, rating) VALUES ('67', 'HW 2', 'mythopoeic', '4');
INSERT INTO ratings (submission_id, url, username, rating) VALUES ('67', 'HW 2', 'incrustation', '2');
INSERT INTO ratings (submission_id, url, username, rating) VALUES ('68', 'HW 3', 'optimism', '5');
INSERT INTO ratings (submission_id, url, username, rating) VALUES ('68', 'HW 3', 'carnegie', '1');
INSERT INTO ratings (submission_id, url, username, rating) VALUES ('69', 'HW 4', 'highhat', '5');
INSERT INTO ratings (submission_id, url, username, rating) VALUES ('69', 'HW 4', 'phip', '3');
INSERT INTO ratings (submission_id, url, username, rating) VALUES ('69', 'HW 4', 'staats', '5');
INSERT INTO ratings (submission_id, url, username, rating) VALUES ('70', 'Study Guide Test 3', 'racemic', '1');
INSERT INTO ratings (submission_id, url, username, rating) VALUES ('70', 'Study Guide Test 3', 'traumatism', '3');
INSERT INTO ratings (submission_id, url, username, rating) VALUES ('70', 'Study Guide Test 3', 'whomever', '1');
INSERT INTO ratings (submission_id, url, username, rating) VALUES ('71', 'All HW', 'administrator', '3');
INSERT INTO ratings (submission_id, url, username, rating) VALUES ('71', 'All HW', 'xenomorphic', '2');
INSERT INTO ratings (submission_id, url, username, rating) VALUES ('72', 'HW 5', 'administrator', '3');
INSERT INTO ratings (submission_id, url, username, rating) VALUES ('73', 'Practice Test', 'blende', '4');
INSERT INTO ratings (submission_id, url, username, rating) VALUES ('73', 'Practice Test', 'cathey', '4');
INSERT INTO ratings (submission_id, url, username, rating) VALUES ('73', 'Practice Test', 'needlecraft', '4');
INSERT INTO ratings (submission_id, url, username, rating) VALUES ('74', 'All HW', 'nelidanelie', '2');
INSERT INTO ratings (submission_id, url, username, rating) VALUES ('75', 'HW 1', 'supposititious', '1');
INSERT INTO ratings (submission_id, url, username, rating) VALUES ('76', 'HW 5', 'traumatism', '2');
INSERT INTO ratings (submission_id, url, username, rating) VALUES ('76', 'HW 5', 'cisalpine', '5');
INSERT INTO ratings (submission_id, url, username, rating) VALUES ('77', 'All HW', 'tiloine', '5');
INSERT INTO ratings (submission_id, url, username, rating) VALUES ('77', 'All HW', 'staats', '3');
INSERT INTO ratings (submission_id, url, username, rating) VALUES ('77', 'All HW', 'keller', '5');
INSERT INTO ratings (submission_id, url, username, rating) VALUES ('78', 'Study Guide Test 3', 'mccalla', '1');
INSERT INTO ratings (submission_id, url, username, rating) VALUES ('79', 'All HW', 'keller', '1');
INSERT INTO ratings (submission_id, url, username, rating) VALUES ('80', 'HW 3', 'administrator', '4');
INSERT INTO ratings (submission_id, url, username, rating) VALUES ('81', 'Study Guide Test 1', 'mythopoeic', '5');
INSERT INTO ratings (submission_id, url, username, rating) VALUES ('82', 'All HW', 'keller', '3');
INSERT INTO ratings (submission_id, url, username, rating) VALUES ('82', 'All HW', 'administrator', '4');
INSERT INTO ratings (submission_id, url, username, rating) VALUES ('82', 'All HW', 'staats', '5');
INSERT INTO ratings (submission_id, url, username, rating) VALUES ('83', 'HW 6', 'eye', '4');
INSERT INTO ratings (submission_id, url, username, rating) VALUES ('83', 'HW 6', 'tiloine', '4');
INSERT INTO ratings (submission_id, url, username, rating) VALUES ('84', 'HW 4', 'whomever', '1');
INSERT INTO ratings (submission_id, url, username, rating) VALUES ('85', 'HW 5', 'rosinski', '2');
INSERT INTO ratings (submission_id, url, username, rating) VALUES ('85', 'HW 5', 'incrustation', '3');
INSERT INTO ratings (submission_id, url, username, rating) VALUES ('86', 'Study Guide Test 1', 'eye', '4');
INSERT INTO ratings (submission_id, url, username, rating) VALUES ('86', 'Study Guide Test 1', 'parable', '5');
INSERT INTO ratings (submission_id, url, username, rating) VALUES ('86', 'Study Guide Test 1', 'blende', '1');
INSERT INTO ratings (submission_id, url, username, rating) VALUES ('87', 'All HW', 'whomever', '1');
INSERT INTO ratings (submission_id, url, username, rating) VALUES ('87', 'All HW', 'parable', '3');
INSERT INTO ratings (submission_id, url, username, rating) VALUES ('88', 'Practice Test', 'unstrained', '2');
INSERT INTO ratings (submission_id, url, username, rating) VALUES ('88', 'Practice Test', 'guarneri', '1');
INSERT INTO ratings (submission_id, url, username, rating) VALUES ('89', 'HW 4', 'cisalpine', '2');
INSERT INTO ratings (submission_id, url, username, rating) VALUES ('89', 'HW 4', 'unstrained', '4');
INSERT INTO ratings (submission_id, url, username, rating) VALUES ('90', 'HW 1', 'lated', '5');
INSERT INTO ratings (submission_id, url, username, rating) VALUES ('91', 'Study Guide Test 1', 'cathey', '3');
INSERT INTO ratings (submission_id, url, username, rating) VALUES ('91', 'Study Guide Test 1', 'highhat', '2');
INSERT INTO ratings (submission_id, url, username, rating) VALUES ('92', 'Practice Test', 'keller', '3');
INSERT INTO ratings (submission_id, url, username, rating) VALUES ('92', 'Practice Test', 'numberless', '4');
INSERT INTO ratings (submission_id, url, username, rating) VALUES ('93', 'HW 3', 'mccalla', '5');
INSERT INTO ratings (submission_id, url, username, rating) VALUES ('93', 'HW 3', 'incrustation', '3');
INSERT INTO ratings (submission_id, url, username, rating) VALUES ('93', 'HW 3', 'tiloine', '5');
INSERT INTO ratings (submission_id, url, username, rating) VALUES ('94', 'HW 4', 'phip', '2');
INSERT INTO ratings (submission_id, url, username, rating) VALUES ('94', 'HW 4', 'unstrained', '1');
INSERT INTO ratings (submission_id, url, username, rating) VALUES ('94', 'HW 4', 'supposititious', '5');
INSERT INTO ratings (submission_id, url, username, rating) VALUES ('95', 'HW 1', 'mythopoeic', '3');
INSERT INTO ratings (submission_id, url, username, rating) VALUES ('95', 'HW 1', 'plaything', '1');
INSERT INTO ratings (submission_id, url, username, rating) VALUES ('95', 'HW 1', 'whomever', '4');
INSERT INTO ratings (submission_id, url, username, rating) VALUES ('96', 'Study Guide Test 3', 'highhat', '5');
INSERT INTO ratings (submission_id, url, username, rating) VALUES ('96', 'Study Guide Test 3', 'xenomorphic', '1');
INSERT INTO ratings (submission_id, url, username, rating) VALUES ('96', 'Study Guide Test 3', 'carnegie', '2');
INSERT INTO ratings (submission_id, url, username, rating) VALUES ('97', 'HW 2', 'mohsen', '5');
INSERT INTO ratings (submission_id, url, username, rating) VALUES ('97', 'HW 2', 'lated', '5');
INSERT INTO ratings (submission_id, url, username, rating) VALUES ('97', 'HW 2', 'clackmannan', '1');
INSERT INTO ratings (submission_id, url, username, rating) VALUES ('98', 'Practice Test', 'whomever', '3');
INSERT INTO ratings (submission_id, url, username, rating) VALUES ('98', 'Practice Test', 'numberless', '2');
INSERT INTO ratings (submission_id, url, username, rating) VALUES ('98', 'Practice Test', 'phip', '2');
INSERT INTO ratings (submission_id, url, username, rating) VALUES ('99', 'HW0-10', 'cathey', '3');
INSERT INTO ratings (submission_id, url, username, rating) VALUES ('99', 'HW0-10', 'traumatism', '3');
INSERT INTO ratings (submission_id, url, username, rating) VALUES ('100', 'Study Guide Test 3', 'nelidanelie', '1');
INSERT INTO ratings (submission_id, url, username, rating) VALUES ('100', 'Study Guide Test 3', 'openandshut', '3');
INSERT INTO ratings (submission_id, url, username, rating) VALUES ('101', 'All HW', 'needlecraft', '5');
INSERT INTO ratings (submission_id, url, username, rating) VALUES ('101', 'All HW', 'keller', '3');
INSERT INTO ratings (submission_id, url, username, rating) VALUES ('102', 'HW 1', 'racemic', '5');
INSERT INTO ratings (submission_id, url, username, rating) VALUES ('102', 'HW 1', 'lated', '3');
INSERT INTO ratings (submission_id, url, username, rating) VALUES ('102', 'HW 1', 'eye', '4');
INSERT INTO ratings (submission_id, url, username, rating) VALUES ('103', 'HW 1', 'keller', '2');
INSERT INTO ratings (submission_id, url, username, rating) VALUES ('103', 'HW 1', 'administrator', '3');
INSERT INTO ratings (submission_id, url, username, rating) VALUES ('103', 'HW 1', 'xenomorphic', '3');
INSERT INTO ratings (submission_id, url, username, rating) VALUES ('104', 'HW 6', 'traumatism', '3');
INSERT INTO ratings (submission_id, url, username, rating) VALUES ('104', 'HW 6', 'clackmannan', '2');
INSERT INTO ratings (submission_id, url, username, rating) VALUES ('105', 'Study Guide Test 1', 'administrator', '1');
INSERT INTO ratings (submission_id, url, username, rating) VALUES ('105', 'Study Guide Test 1', 'blende', '4');
INSERT INTO ratings (submission_id, url, username, rating) VALUES ('106', 'HW 1', 'phip', '1');
INSERT INTO ratings (submission_id, url, username, rating) VALUES ('107', 'Practice Test', 'guarneri', '3');
INSERT INTO ratings (submission_id, url, username, rating) VALUES ('107', 'Practice Test', 'eject', '5');
INSERT INTO ratings (submission_id, url, username, rating) VALUES ('108', 'Study Guide Test 1', 'clackmannan', '5');
INSERT INTO ratings (submission_id, url, username, rating) VALUES ('108', 'Study Guide Test 1', 'supposititious', '1');
INSERT INTO ratings (submission_id, url, username, rating) VALUES ('109', 'HW 5', 'blende', '5');
INSERT INTO ratings (submission_id, url, username, rating) VALUES ('110', 'All HW', 'plaything', '1');
INSERT INTO ratings (submission_id, url, username, rating) VALUES ('110', 'All HW', 'cisalpine', '5');
INSERT INTO ratings (submission_id, url, username, rating) VALUES ('111', 'HW 2', 'rosinski', '5');
INSERT INTO ratings (submission_id, url, username, rating) VALUES ('112', 'Study Guide Test 1', 'cisalpine', '5');
INSERT INTO ratings (submission_id, url, username, rating) VALUES ('112', 'Study Guide Test 1', 'strother', '3');
INSERT INTO ratings (submission_id, url, username, rating) VALUES ('112', 'Study Guide Test 1', 'kalinin', '3');
INSERT INTO ratings (submission_id, url, username, rating) VALUES ('113', 'Practice Test', 'staats', '2');
INSERT INTO ratings (submission_id, url, username, rating) VALUES ('113', 'Practice Test', 'blende', '3');
INSERT INTO ratings (submission_id, url, username, rating) VALUES ('113', 'Practice Test', 'cathey', '5');
INSERT INTO ratings (submission_id, url, username, rating) VALUES ('114', 'HW 4', 'parable', '3');
INSERT INTO ratings (submission_id, url, username, rating) VALUES ('114', 'HW 4', 'carnegie', '1');
INSERT INTO ratings (submission_id, url, username, rating) VALUES ('114', 'HW 4', 'guarneri', '5');
INSERT INTO ratings (submission_id, url, username, rating) VALUES ('115', 'HW 2', 'mohsen', '3');
INSERT INTO ratings (submission_id, url, username, rating) VALUES ('115', 'HW 2', 'kuopio', '4');
INSERT INTO ratings (submission_id, url, username, rating) VALUES ('116', 'All HW', 'numberless', '2');
INSERT INTO ratings (submission_id, url, username, rating) VALUES ('116', 'All HW', 'nelidanelie', '1');
INSERT INTO ratings (submission_id, url, username, rating) VALUES ('117', 'HW 4', 'phip', '2');
INSERT INTO ratings (submission_id, url, username, rating) VALUES ('118', 'HW 6', 'eye', '1');
INSERT INTO ratings (submission_id, url, username, rating) VALUES ('118', 'HW 6', 'traumatism', '1');
INSERT INTO ratings (submission_id, url, username, rating) VALUES ('119', 'HW0-10', 'edbert', '5');
INSERT INTO ratings (submission_id, url, username, rating) VALUES ('119', 'HW0-10', 'rosinski', '5');
INSERT INTO ratings (submission_id, url, username, rating) VALUES ('119', 'HW0-10', 'supposititious', '4');
INSERT INTO ratings (submission_id, url, username, rating) VALUES ('120', 'Study Guide Test 1', 'cisalpine', '5');
INSERT INTO ratings (submission_id, url, username, rating) VALUES ('120', 'Study Guide Test 1', 'racemic', '3');
INSERT INTO ratings (submission_id, url, username, rating) VALUES ('120', 'Study Guide Test 1', 'strother', '3');
INSERT INTO ratings (submission_id, url, username, rating) VALUES ('121', 'Study Guide Test 1', 'carnegie', '2');
INSERT INTO ratings (submission_id, url, username, rating) VALUES ('122', 'HW0-10', 'blende', '3');
INSERT INTO ratings (submission_id, url, username, rating) VALUES ('122', 'HW0-10', 'supposititious', '5');
INSERT INTO ratings (submission_id, url, username, rating) VALUES ('122', 'HW0-10', 'tiloine', '2');
INSERT INTO ratings (submission_id, url, username, rating) VALUES ('123', 'Study Guide Test 1', 'keller', '5');
INSERT INTO ratings (submission_id, url, username, rating) VALUES ('124', 'HW 6', 'staats', '2');
INSERT INTO ratings (submission_id, url, username, rating) VALUES ('125', 'Study Guide Test 1', 'cisalpine', '4');
INSERT INTO ratings (submission_id, url, username, rating) VALUES ('125', 'Study Guide Test 1', 'blende', '3');
INSERT INTO ratings (submission_id, url, username, rating) VALUES ('125', 'Study Guide Test 1', 'nelidanelie', '2');
INSERT INTO ratings (submission_id, url, username, rating) VALUES ('126', 'Study Guide Test 1', 'strother', '1');
INSERT INTO ratings (submission_id, url, username, rating) VALUES ('126', 'Study Guide Test 1', 'parable', '4');
INSERT INTO ratings (submission_id, url, username, rating) VALUES ('126', 'Study Guide Test 1', 'rosinski', '2');
INSERT INTO ratings (submission_id, url, username, rating) VALUES ('127', 'HW 3', 'lated', '5');
INSERT INTO ratings (submission_id, url, username, rating) VALUES ('127', 'HW 3', 'roethke', '4');
INSERT INTO ratings (submission_id, url, username, rating) VALUES ('127', 'HW 3', 'blende', '2');
INSERT INTO ratings (submission_id, url, username, rating) VALUES ('128', 'Practice Test', 'traumatism', '4');
INSERT INTO ratings (submission_id, url, username, rating) VALUES ('128', 'Practice Test', 'whomever', '5');
INSERT INTO ratings (submission_id, url, username, rating) VALUES ('129', 'All HW', 'cisalpine', '1');
INSERT INTO ratings (submission_id, url, username, rating) VALUES ('129', 'All HW', 'highhat', '5');
INSERT INTO ratings (submission_id, url, username, rating) VALUES ('129', 'All HW', 'mythopoeic', '1');
INSERT INTO ratings (submission_id, url, username, rating) VALUES ('130', 'HW 5', 'nelidanelie', '1');
INSERT INTO ratings (submission_id, url, username, rating) VALUES ('131', 'Study Guide Test 1', 'xenomorphic', '3');
INSERT INTO ratings (submission_id, url, username, rating) VALUES ('131', 'Study Guide Test 1', 'highhat', '3');
INSERT INTO ratings (submission_id, url, username, rating) VALUES ('131', 'Study Guide Test 1', 'clackmannan', '2');
INSERT INTO ratings (submission_id, url, username, rating) VALUES ('132', 'Practice Test', 'guarneri', '1');
INSERT INTO ratings (submission_id, url, username, rating) VALUES ('133', 'Study Guide Test 1', 'cathey', '2');
INSERT INTO ratings (submission_id, url, username, rating) VALUES ('134', 'HW 6', 'marthmartha', '3');
INSERT INTO ratings (submission_id, url, username, rating) VALUES ('134', 'HW 6', 'plaything', '5');
INSERT INTO ratings (submission_id, url, username, rating) VALUES ('134', 'HW 6', 'whomever', '4');
INSERT INTO ratings (submission_id, url, username, rating) VALUES ('135', 'HW 3', 'carnegie', '5');
INSERT INTO ratings (submission_id, url, username, rating) VALUES ('136', 'Study Guide Test 1', 'clackmannan', '2');
INSERT INTO ratings (submission_id, url, username, rating) VALUES ('136', 'Study Guide Test 1', 'cathey', '2');
INSERT INTO ratings (submission_id, url, username, rating) VALUES ('136', 'Study Guide Test 1', 'edbert', '1');
INSERT INTO ratings (submission_id, url, username, rating) VALUES ('137', 'All HW', 'rosinski', '1');
INSERT INTO ratings (submission_id, url, username, rating) VALUES ('137', 'All HW', 'whomever', '4');
INSERT INTO ratings (submission_id, url, username, rating) VALUES ('137', 'All HW', 'openandshut', '4');
INSERT INTO ratings (submission_id, url, username, rating) VALUES ('138', 'HW 6', 'mythopoeic', '4');
INSERT INTO ratings (submission_id, url, username, rating) VALUES ('138', 'HW 6', 'cathey', '3');
INSERT INTO ratings (submission_id, url, username, rating) VALUES ('139', 'HW 2', 'mohsen', '4');
INSERT INTO ratings (submission_id, url, username, rating) VALUES ('139', 'HW 2', 'tiloine', '4');
INSERT INTO ratings (submission_id, url, username, rating) VALUES ('139', 'HW 2', 'xenomorphic', '5');
INSERT INTO ratings (submission_id, url, username, rating) VALUES ('140', 'Study Guide Test 1', 'numberless', '4');
INSERT INTO ratings (submission_id, url, username, rating) VALUES ('141', 'Study Guide Test 3', 'eject', '2');
INSERT INTO ratings (submission_id, url, username, rating) VALUES ('141', 'Study Guide Test 3', 'highhat', '4');
INSERT INTO ratings (submission_id, url, username, rating) VALUES ('142', 'Practice Test', 'blende', '5');
INSERT INTO ratings (submission_id, url, username, rating) VALUES ('143', 'HW 6', 'whomever', '2');
INSERT INTO ratings (submission_id, url, username, rating) VALUES ('143', 'HW 6', 'supposititious', '1');
INSERT INTO ratings (submission_id, url, username, rating) VALUES ('144', 'HW 1', 'eject', '2');
INSERT INTO ratings (submission_id, url, username, rating) VALUES ('144', 'HW 1', 'guarneri', '1');
INSERT INTO ratings (submission_id, url, username, rating) VALUES ('144', 'HW 1', 'openandshut', '5');
INSERT INTO ratings (submission_id, url, username, rating) VALUES ('145', 'HW 3', 'tiloine', '2');
INSERT INTO ratings (submission_id, url, username, rating) VALUES ('146', 'Study Guide Test 1', 'parable', '1');
INSERT INTO ratings (submission_id, url, username, rating) VALUES ('146', 'Study Guide Test 1', 'blende', '3');
INSERT INTO ratings (submission_id, url, username, rating) VALUES ('146', 'Study Guide Test 1', 'lated', '5');
INSERT INTO ratings (submission_id, url, username, rating) VALUES ('147', 'All HW', 'traumatism', '4');
INSERT INTO ratings (submission_id, url, username, rating) VALUES ('147', 'All HW', 'whomever', '5');
INSERT INTO ratings (submission_id, url, username, rating) VALUES ('147', 'All HW', 'racemic', '4');
INSERT INTO ratings (submission_id, url, username, rating) VALUES ('148', 'HW0-10', 'kalinin', '2');
INSERT INTO ratings (submission_id, url, username, rating) VALUES ('148', 'HW0-10', 'needlecraft', '2');
INSERT INTO ratings (submission_id, url, username, rating) VALUES ('149', 'HW 6', 'cisalpine', '4');
INSERT INTO ratings (submission_id, url, username, rating) VALUES ('149', 'HW 6', 'strother', '3');
INSERT INTO ratings (submission_id, url, username, rating) VALUES ('150', 'HW 3', 'needlecraft', '4');
INSERT INTO ratings (submission_id, url, username, rating) VALUES ('150', 'HW 3', 'traumatism', '1');
