SET foreign_key_checks = 0;
SET SQL_SAFE_UPDATES = 0;
delete from schools;
delete from users;
SET foreign_key_checks = 1;
INSERT INTO schools VALUES ('B04724', 'Widener University - Delaware Law School', '4601 Concord Pike', 'Wilmington', 'DE', '19803');
INSERT INTO schools VALUES ('001858', 'Divine Word College', '102 Jacoby Dr Sw-Po Box 380', 'Epworth', 'IA', '52045');
INSERT INTO schools VALUES ('003738', 'Southern Virginia University', 'One University Hill Drive', 'Buena Vista', 'VA', '24416');
INSERT INTO schools VALUES ('013039', 'South University', '709 Mall Blvd', 'Savannah', 'GA', '31406');
INSERT INTO schools VALUES ('032033', 'New York Institute Of Massage', '4701 Transit Road', 'Williamsville', 'NY', '14221');
INSERT INTO schools VALUES ('042822', 'New York Seminary (The)', '911 Mcdonald Avenue', 'Brooklyn', 'NY', '11218');
INSERT INTO users (username, hash, profile_img_url, student_flag, admin_flag) VALUES ('sizeable', '3297149238925276739', 'profile_img/sizeable', '0', '1');
INSERT INTO users (username, hash, profile_img_url, student_flag, admin_flag) VALUES ('dressy', '-8553794172635921547', 'profile_img/dressy', '1', '1');
INSERT INTO users (username, hash, profile_img_url, student_flag, admin_flag) VALUES ('sennacherib', '9106794933877045553', 'profile_img/sennacherib', '1', '1');
INSERT INTO users (username, hash, profile_img_url, student_flag, admin_flag) VALUES ('spriggs', '-3287006975422318123', 'profile_img/spriggs', '1', '0');
INSERT INTO users (username, hash, profile_img_url, student_flag, admin_flag) VALUES ('fairleigh', '6216893171703420299', 'profile_img/fairleigh', '1', '0');
INSERT INTO users (username, hash, profile_img_url, student_flag, admin_flag) VALUES ('strother', '-6439004634301456197', 'profile_img/strother', '1', '0');
INSERT INTO users (username, hash, profile_img_url, student_flag, admin_flag) VALUES ('victor', '-6536113559806087117', 'profile_img/victor', '1', '0');
INSERT INTO users (username, hash, profile_img_url, student_flag, admin_flag) VALUES ('graviton', '-8824689600385882522', 'profile_img/graviton', '1', '0');
INSERT INTO users (username, hash, profile_img_url, student_flag, admin_flag) VALUES ('vanvanadate', '-223610714302441069', 'profile_img/vanvanadate', '1', '0');
INSERT INTO users (username, hash, profile_img_url, student_flag, admin_flag) VALUES ('aegaeon', '368774338085281047', 'profile_img/aegaeon', '1', '0');
INSERT INTO users (username, hash, profile_img_url, student_flag, admin_flag) VALUES ('wisniewski', '4980129893027931387', 'profile_img/wisniewski', '1', '0');
INSERT INTO users (username, hash, profile_img_url, student_flag, admin_flag) VALUES ('been', '5798073855410240642', 'profile_img/been', '1', '0');
INSERT INTO users (username, hash, profile_img_url, student_flag, admin_flag) VALUES ('timework', '-8110594546252612457', 'profile_img/timework', '1', '0');
INSERT INTO users (username, hash, profile_img_url, student_flag, admin_flag) VALUES ('ambagious', '4075634935467672264', 'profile_img/ambagious', '1', '0');
INSERT INTO users (username, hash, profile_img_url, student_flag, admin_flag) VALUES ('marigolda', '-7801389904889790938', 'profile_img/marigolda', '1', '0');
INSERT INTO users (username, hash, profile_img_url, student_flag, admin_flag) VALUES ('squash', '-4065851938426648803', 'profile_img/squash', '1', '0');
INSERT INTO users (username, hash, profile_img_url, student_flag, admin_flag) VALUES ('serviceman', '-7735142199123965163', 'profile_img/serviceman', '1', '0');
INSERT INTO users (username, hash, profile_img_url, student_flag, admin_flag) VALUES ('bassett', '-5170533686168853690', 'profile_img/bassett', '1', '0');
INSERT INTO users (username, hash, profile_img_url, student_flag, admin_flag) VALUES ('benghazi', '1844525551694615080', 'profile_img/benghazi', '1', '0');
INSERT INTO users (username, hash, profile_img_url, student_flag, admin_flag) VALUES ('totally', '-8115855297045476830', 'profile_img/totally', '1', '0');
INSERT INTO users (username, hash, profile_img_url, student_flag, admin_flag) VALUES ('attar', '-5756644371312367698', 'profile_img/attar', '1', '0');
INSERT INTO users (username, hash, profile_img_url, student_flag, admin_flag) VALUES ('woodley', '7209922799217030662', 'profile_img/woodley', '1', '0');
INSERT INTO users (username, hash, profile_img_url, student_flag, admin_flag) VALUES ('satinet', '-63322851040827879', 'profile_img/satinet', '1', '0');
INSERT INTO users (username, hash, profile_img_url, student_flag, admin_flag) VALUES ('punster', '5738208999492312237', 'profile_img/punster', '1', '0');
INSERT INTO users (username, hash, profile_img_url, student_flag, admin_flag) VALUES ('roux', '1388546975894530720', 'profile_img/roux', '1', '0');
INSERT INTO users (username, hash, profile_img_url, student_flag, admin_flag) VALUES ('sunstroke', '9103626915688394919', 'profile_img/sunstroke', '1', '0');
INSERT INTO users (username, hash, profile_img_url, student_flag, admin_flag) VALUES ('finding', '6234540366917571833', 'profile_img/finding', '1', '0');
INSERT INTO users (username, hash, profile_img_url, student_flag, admin_flag) VALUES ('dodger', '-5834631607578737126', 'profile_img/dodger', '1', '0');
INSERT INTO users (username, hash, profile_img_url, student_flag, admin_flag) VALUES ('koval', '1181164382909313930', 'profile_img/koval', '1', '0');
INSERT INTO users (username, hash, profile_img_url, student_flag, admin_flag) VALUES ('cadge', '-2518643142598137095', 'profile_img/cadge', '1', '0');
INSERT INTO users (username, hash, profile_img_url, student_flag, admin_flag) VALUES ('blackstock', '-1068244060065457517', 'profile_img/blackstock', '1', '0');
INSERT INTO users (username, hash, profile_img_url, student_flag, admin_flag) VALUES ('funda', '5554644407294540199', 'profile_img/funda', '1', '0');
INSERT INTO users (username, hash, profile_img_url, student_flag, admin_flag) VALUES ('inhibit', '3365198958709734688', 'profile_img/inhibit', '1', '0');
INSERT INTO users (username, hash, profile_img_url, student_flag, admin_flag) VALUES ('serles', '-7194330956680239934', 'profile_img/serles', '1', '0');
INSERT INTO users (username, hash, profile_img_url, student_flag, admin_flag) VALUES ('respectful', '-4379376734676145677', 'profile_img/respectful', '1', '0');
INSERT INTO users (username, hash, profile_img_url, student_flag, admin_flag) VALUES ('cutwater', '6477463733383501759', 'profile_img/cutwater', '1', '0');
INSERT INTO users (username, hash, profile_img_url, student_flag, admin_flag) VALUES ('bangor', '-4928077515697127547', 'profile_img/bangor', '1', '0');
INSERT INTO users (username, hash, profile_img_url, student_flag, admin_flag) VALUES ('alrich', '-6695399897390976195', 'profile_img/alrich', '1', '0');
INSERT INTO users (username, hash, profile_img_url, student_flag, admin_flag) VALUES ('tarkington', '2704790264930274591', 'profile_img/tarkington', '1', '0');
INSERT INTO users (username, hash, profile_img_url, student_flag, admin_flag) VALUES ('lundin', '3053633479282718806', 'profile_img/lundin', '1', '0');
INSERT INTO attends VALUES ('sizeable', '003738');
INSERT INTO attends VALUES ('dressy', '001858');
INSERT INTO attends VALUES ('sennacherib', '003738');
INSERT INTO attends VALUES ('spriggs', 'B04724');
INSERT INTO attends VALUES ('fairleigh', '042822');
INSERT INTO attends VALUES ('strother', '001858');
INSERT INTO attends VALUES ('victor', 'B04724');
INSERT INTO attends VALUES ('graviton', '032033');
INSERT INTO attends VALUES ('vanvanadate', 'B04724');
INSERT INTO attends VALUES ('aegaeon', '013039');
INSERT INTO attends VALUES ('wisniewski', '032033');
INSERT INTO attends VALUES ('been', '001858');
INSERT INTO attends VALUES ('timework', '032033');
INSERT INTO attends VALUES ('ambagious', '001858');
INSERT INTO attends VALUES ('marigolda', '032033');
INSERT INTO attends VALUES ('squash', '032033');
INSERT INTO attends VALUES ('serviceman', '042822');
INSERT INTO attends VALUES ('bassett', '001858');
INSERT INTO attends VALUES ('benghazi', '013039');
INSERT INTO attends VALUES ('totally', '042822');
INSERT INTO attends VALUES ('attar', '013039');
INSERT INTO attends VALUES ('woodley', '042822');
INSERT INTO attends VALUES ('satinet', '003738');
INSERT INTO attends VALUES ('punster', '042822');
INSERT INTO attends VALUES ('roux', '042822');
INSERT INTO attends VALUES ('sunstroke', '042822');
INSERT INTO attends VALUES ('finding', '003738');
INSERT INTO attends VALUES ('dodger', '001858');
INSERT INTO attends VALUES ('koval', 'B04724');
INSERT INTO attends VALUES ('cadge', '001858');
INSERT INTO attends VALUES ('blackstock', 'B04724');
INSERT INTO attends VALUES ('funda', '042822');
INSERT INTO attends VALUES ('inhibit', '032033');
INSERT INTO attends VALUES ('serles', '032033');
INSERT INTO attends VALUES ('respectful', '013039');
INSERT INTO attends VALUES ('cutwater', '003738');
INSERT INTO attends VALUES ('bangor', 'B04724');
INSERT INTO attends VALUES ('alrich', '032033');
INSERT INTO attends VALUES ('tarkington', '042822');
INSERT INTO attends VALUES ('lundin', 'B04724');
ALTER TABLE courses AUTO_INCREMENT = 1;
INSERT INTO courses (number, name, year, semester, professor, school) VALUES ('357', 'Dynamics', '2010', 'Fall', 'Dr. Green', '032033');
INSERT INTO courses (number, name, year, semester, professor, school) VALUES ('483', 'Networking', '2015', 'Fall', 'Dr. Williams', '032033');
INSERT INTO courses (number, name, year, semester, professor, school) VALUES ('392', 'Marketing', '2016', 'Fall', 'Dr. Carter', '032033');
INSERT INTO courses (number, name, year, semester, professor, school) VALUES ('416', 'Cats', '2014', 'Spring', 'Dr. Howard', '042822');
INSERT INTO courses (number, name, year, semester, professor, school) VALUES ('350', 'Numerical Methods', '2013', 'Fall', 'Dr. Evans', '032033');
INSERT INTO courses (number, name, year, semester, professor, school) VALUES ('119', 'Operating Systems', '2012', 'Spring', 'Dr. Sanders', '001858');
INSERT INTO courses (number, name, year, semester, professor, school) VALUES ('325', 'Numerical Methods', '2016', 'Fall', 'Dr. Myers', '001858');
INSERT INTO courses (number, name, year, semester, professor, school) VALUES ('159', 'Electromagnetics', '2011', 'Spring', 'Dr. Morgan', '013039');
INSERT INTO courses (number, name, year, semester, professor, school) VALUES ('505', 'Linear Algebra', '2015', 'Spring', 'Dr. Phillips', 'B04724');
INSERT INTO courses (number, name, year, semester, professor, school) VALUES ('427', 'Structural Analysis', '2019', 'Fall', 'Dr. Simmons', '013039');
INSERT INTO courses (number, name, year, semester, professor, school) VALUES ('131', 'Data Structures', '2015', 'Fall', 'Dr. Powell', '013039');
INSERT INTO courses (number, name, year, semester, professor, school) VALUES ('392', 'Modern Algebra', '2010', 'Spring', 'Dr. Anderson', 'B04724');
INSERT INTO courses (number, name, year, semester, professor, school) VALUES ('318', 'Aerodynamics', '2014', 'Fall', 'Dr. Carter', '042822');
INSERT INTO courses (number, name, year, semester, professor, school) VALUES ('103', 'Dynamics', '2014', 'Fall', 'Dr. Rogers', '013039');
INSERT INTO courses (number, name, year, semester, professor, school) VALUES ('548', 'Dynamics', '2014', 'Spring', 'Dr. Garcia', '032033');
INSERT INTO courses (number, name, year, semester, professor, school) VALUES ('224', 'Ecology', '2011', 'Spring', 'Dr. Long', '032033');
INSERT INTO courses (number, name, year, semester, professor, school) VALUES ('453', 'Philosophy', '2011', 'Spring', 'Dr. Gray', '013039');
INSERT INTO courses (number, name, year, semester, professor, school) VALUES ('196', 'Ai', '2012', 'Fall', 'Dr. Washington', '032033');
INSERT INTO courses (number, name, year, semester, professor, school) VALUES ('252', 'Circuits', '2013', 'Fall', 'Dr. Mitchell', '003738');
INSERT INTO courses (number, name, year, semester, professor, school) VALUES ('159', 'Drawing', '2013', 'Spring', 'Dr. Young', '003738');
INSERT INTO courses (number, name, year, semester, professor, school) VALUES ('341', 'Ceramics', '2012', 'Spring', 'Dr. Adams', '032033');
INSERT INTO courses (number, name, year, semester, professor, school) VALUES ('325', 'Ecology', '2016', 'Fall', 'Dr. Young', '001858');
INSERT INTO courses (number, name, year, semester, professor, school) VALUES ('284', 'Ethics', '2012', 'Spring', 'Dr. Russell', '003738');
INSERT INTO courses (number, name, year, semester, professor, school) VALUES ('354', 'Biology', '2011', 'Spring', 'Dr. Watson', '013039');
INSERT INTO courses (number, name, year, semester, professor, school) VALUES ('429', 'Calculus Ii', '2017', 'Fall', 'Dr. Brooks', '042822');
INSERT INTO courses (number, name, year, semester, professor, school) VALUES ('240', 'Theory Of Computer Science', '2017', 'Fall', 'Dr. Hayes', '001858');
INSERT INTO courses (number, name, year, semester, professor, school) VALUES ('500', 'Marketing', '2016', 'Fall', 'Dr. Nelson', 'B04724');
INSERT INTO courses (number, name, year, semester, professor, school) VALUES ('326', 'Algorithms', '2014', 'Spring', 'Dr. Wright', 'B04724');
INSERT INTO courses (number, name, year, semester, professor, school) VALUES ('511', 'Management', '2016', 'Fall', 'Dr. Russell', '042822');
INSERT INTO courses (number, name, year, semester, professor, school) VALUES ('104', 'Marketing', '2013', 'Fall', 'Dr. Jackson', '003738');
INSERT INTO courses (number, name, year, semester, professor, school) VALUES ('453', 'Aerodynamics', '2016', 'Fall', 'Dr. Thompson', '001858');
INSERT INTO courses (number, name, year, semester, professor, school) VALUES ('321', 'Calculus Ii', '2012', 'Fall', 'Dr. Jones', '001858');
INSERT INTO courses (number, name, year, semester, professor, school) VALUES ('441', 'Ecology', '2014', 'Spring', 'Dr. Clark', '013039');
INSERT INTO courses (number, name, year, semester, professor, school) VALUES ('141', 'Numerical Methods', '2019', 'Spring', 'Dr. Wright', '013039');
INSERT INTO courses (number, name, year, semester, professor, school) VALUES ('339', 'Digital Logic', '2016', 'Fall', 'Dr. Sullivan', 'B04724');
INSERT INTO courses (number, name, year, semester, professor, school) VALUES ('395', 'Digital Logic', '2016', 'Spring', 'Dr. Harris', '042822');
INSERT INTO courses (number, name, year, semester, professor, school) VALUES ('475', 'Dancing', '2017', 'Fall', 'Dr. Green', '003738');
INSERT INTO courses (number, name, year, semester, professor, school) VALUES ('239', 'Digital Logic', '2014', 'Fall', 'Dr. Jackson', '001858');
INSERT INTO courses (number, name, year, semester, professor, school) VALUES ('100', 'Dynamics', '2013', 'Fall', 'Dr. Sanchez', 'B04724');
INSERT INTO courses (number, name, year, semester, professor, school) VALUES ('170', 'Geology', '2019', 'Fall', 'Dr. Ramirez', '032033');
INSERT INTO courses (number, name, year, semester, professor, school) VALUES ('206', 'Electromagnetics', '2017', 'Fall', 'Dr. Myers', 'B04724');
INSERT INTO courses (number, name, year, semester, professor, school) VALUES ('484', 'Geology', '2015', 'Spring', 'Dr. Perez', '001858');
INSERT INTO courses (number, name, year, semester, professor, school) VALUES ('159', 'Drawing', '2013', 'Fall', 'Dr. Wright', 'B04724');
INSERT INTO courses (number, name, year, semester, professor, school) VALUES ('237', 'Chemistry', '2018', 'Spring', 'Dr. Hall', 'B04724');
INSERT INTO courses (number, name, year, semester, professor, school) VALUES ('120', 'Dynamics', '2011', 'Fall', 'Dr. Johnson', 'B04724');
INSERT INTO courses (number, name, year, semester, professor, school) VALUES ('146', 'Electromagnetics', '2015', 'Fall', 'Dr. Lopez', 'B04724');
INSERT INTO courses (number, name, year, semester, professor, school) VALUES ('122', 'Data Structures', '2011', 'Spring', 'Dr. Martin', 'B04724');
INSERT INTO courses (number, name, year, semester, professor, school) VALUES ('148', 'Cybersecurity', '2013', 'Spring', 'Dr. Watson', '003738');
INSERT INTO courses (number, name, year, semester, professor, school) VALUES ('372', 'Algorithms', '2010', 'Spring', 'Dr. Hall', '032033');
INSERT INTO courses (number, name, year, semester, professor, school) VALUES ('287', 'Ethics', '2013', 'Fall', 'Dr. Rivera', 'B04724');
ALTER TABLE submissions AUTO_INCREMENT = 1;
INSERT INTO submissions (description, username, course_id) VALUES ('Mei ea patrioque voluptaria, in eum melius tractatos adversarium.', 'graviton', '1');
INSERT INTO submissions (description, username, course_id) VALUES ('Partiendo molestiae temporibus per in, tantas democritum definitiones ei pro.', 'satinet', '1');
INSERT INTO submissions (description, username, course_id) VALUES ('Summo phaedrum ei eum, quaeque fastidii est cu. Meliore officiis ei eos, sed essent aperiri probatus id.', 'fairleigh', '1');
INSERT INTO submissions (description, username, course_id) VALUES ('Nam eu saepe delenit, at nam quem splendide evertitur. At modo posse regione per. Duo augue viris ne, velit equidem convenire te pro.', 'sennacherib', '2');
INSERT INTO submissions (description, username, course_id) VALUES ('Per possit appetere suavitate no, pri te vidit timeam. Detracto albucius definitionem ei nec, id timeam complectitur duo.', 'koval', '2');
INSERT INTO submissions (description, username, course_id) VALUES ('Mei ea patrioque voluptaria, in eum melius tractatos adversarium.', 'benghazi', '2');
INSERT INTO submissions (description, username, course_id) VALUES ('Pro case tacimates honestatis et, graeci cetero evertitur nec in. Est et eripuit volumus, legendos facilisis vel at.', 'sunstroke', '3');
INSERT INTO submissions (description, username, course_id) VALUES ('Eu cum regione dissentiet, at eos quodsi discere quaestio.', 'spriggs', '3');
INSERT INTO submissions (description, username, course_id) VALUES ('Sed maiorum constituto ea, sed at vocibus abhorreant argumentum. Vel ea nonumy contentiones, posse audiam albucius mel ut, ancillae neglegentur his an.', 'fairleigh', '3');
INSERT INTO submissions (description, username, course_id) VALUES ('Lorem ipsum dolor sit amet, an qui velit noster malorum, has ne affert reprehendunt, est at essent diceret.', 'alrich', '4');
INSERT INTO submissions (description, username, course_id) VALUES ('Vel equidem platonem convenire ut, et mel cibo petentium, ius te simul delicatissimi.', 'funda', '4');
INSERT INTO submissions (description, username, course_id) VALUES ('Eu cum regione dissentiet, at eos quodsi discere quaestio.', 'dodger', '4');
INSERT INTO submissions (description, username, course_id) VALUES ('Euripidis sadipscing vel ei, modus percipit vis an, malis primis dissentias sed ei.', 'graviton', '5');
INSERT INTO submissions (description, username, course_id) VALUES ('Ne qui dicat placerat platonem, atqui veniam necessitatibus et usu. Ut sea atqui etiam sensibus.', 'serles', '5');
INSERT INTO submissions (description, username, course_id) VALUES ('Ne nulla libris deterruisset eam, maiorum facilisi an duo.', 'bassett', '5');
INSERT INTO submissions (description, username, course_id) VALUES ('Eu justo docendi mea, mel principes referrentur id. Possit detraxit mea cu, eu has prima propriae.', 'cadge', '6');
INSERT INTO submissions (description, username, course_id) VALUES ('Ne qui dicat placerat platonem, atqui veniam necessitatibus et usu. Ut sea atqui etiam sensibus.', 'dressy', '6');
INSERT INTO submissions (description, username, course_id) VALUES ('Iudico tacimates temporibus ea eos, choro eligendi tincidunt in cum.', 'been', '6');
INSERT INTO submissions (description, username, course_id) VALUES ('Paulo rationibus ex mea, ex feugait percipitur scripserit quo.', 'serles', '7');
INSERT INTO submissions (description, username, course_id) VALUES ('Per possit appetere suavitate no, pri te vidit timeam. Detracto albucius definitionem ei nec, id timeam complectitur duo.', 'alrich', '7');
INSERT INTO submissions (description, username, course_id) VALUES ('Clita putent offendit ei nam, pro at nulla nobis. In unum antiopam dissentias vim.', 'roux', '7');
INSERT INTO submissions (description, username, course_id) VALUES ('His in oratio petentium.', 'respectful', '8');
INSERT INTO submissions (description, username, course_id) VALUES ('Et sit cibo modus dissentiet, ex qui fugit incorrupte, eu sit adhuc salutandi principes.', 'alrich', '8');
INSERT INTO submissions (description, username, course_id) VALUES ('Has elitr saepe urbanitas ei, et mundi quodsi nostrud sed.', 'victor', '8');
INSERT INTO submissions (description, username, course_id) VALUES ('Has elitr saepe urbanitas ei, et mundi quodsi nostrud sed.', 'vanvanadate', '9');
INSERT INTO submissions (description, username, course_id) VALUES ('Pro at postea vivendum argumentum.', 'sennacherib', '9');
INSERT INTO submissions (description, username, course_id) VALUES ('At consequuntur necessitatibus per, vitae tollit ea pri, percipit molestiae voluptatum no has.', 'vanvanadate', '9');
INSERT INTO submissions (description, username, course_id) VALUES ('Atqui labores perpetua ad est, ne usu elit audiam instructior. In vim iusto utinam explicari.', 'vanvanadate', '10');
INSERT INTO submissions (description, username, course_id) VALUES ('Clita putent offendit ei nam, pro at nulla nobis. In unum antiopam dissentias vim.', 'ambagious', '10');
INSERT INTO submissions (description, username, course_id) VALUES ('Mei ea patrioque voluptaria, in eum melius tractatos adversarium.', 'punster', '10');
INSERT INTO submissions (description, username, course_id) VALUES ('Mea id sint summo pertinax, idque exerci his ad.', 'timework', '11');
INSERT INTO submissions (description, username, course_id) VALUES ('Facete labitur fabulas te his, ad esse summo definiebas ius.', 'serviceman', '11');
INSERT INTO submissions (description, username, course_id) VALUES ('Has elitr saepe urbanitas ei, et mundi quodsi nostrud sed.', 'vanvanadate', '11');
INSERT INTO submissions (description, username, course_id) VALUES ('Habemus fuisset et vis. Purto elit qui no, in ius movet dicit. In dolore fierent epicurei mea. Sit ne omnes ancillae, mea no erat suscipiantur.', 'bangor', '12');
INSERT INTO submissions (description, username, course_id) VALUES ('Eu justo docendi mea, mel principes referrentur id. Possit detraxit mea cu, eu has prima propriae.', 'serles', '12');
INSERT INTO submissions (description, username, course_id) VALUES ('Per possit appetere suavitate no, pri te vidit timeam. Detracto albucius definitionem ei nec, id timeam complectitur duo.', 'sunstroke', '12');
INSERT INTO submissions (description, username, course_id) VALUES ('Paulo rationibus ex mea, ex feugait percipitur scripserit quo.', 'alrich', '13');
INSERT INTO submissions (description, username, course_id) VALUES ('Et sit cibo modus dissentiet, ex qui fugit incorrupte, eu sit adhuc salutandi principes.', 'dodger', '13');
INSERT INTO submissions (description, username, course_id) VALUES ('Mel nisl molestie ex, at delectus voluptatum ius, ius cu veritus appareat.', 'serles', '13');
INSERT INTO submissions (description, username, course_id) VALUES ('Iisque epicuri eam an, mel ad unum antiopam deterruisset, probo evertitur nec at.', 'aegaeon', '14');
INSERT INTO submissions (description, username, course_id) VALUES ('Et sit cibo modus dissentiet, ex qui fugit incorrupte, eu sit adhuc salutandi principes.', 'serviceman', '14');
INSERT INTO submissions (description, username, course_id) VALUES ('Amet voluptua sensibus sed et, te movet contentiones vis, in eum quas porro utroque.', 'marigolda', '14');
INSERT INTO submissions (description, username, course_id) VALUES ('Iudico tacimates temporibus ea eos, choro eligendi tincidunt in cum.', 'totally', '15');
INSERT INTO submissions (description, username, course_id) VALUES ('At per augue incorrupte deterruisset, habeo eleifend ex sea, zril aliquam intellegam eam at.', 'timework', '15');
INSERT INTO submissions (description, username, course_id) VALUES ('An nec primis quaeque maluisset, sed doctus tincidunt reformidans an.', 'dodger', '15');
INSERT INTO submissions (description, username, course_id) VALUES ('Eu justo docendi mea, mel principes referrentur id. Possit detraxit mea cu, eu has prima propriae.', 'koval', '16');
INSERT INTO submissions (description, username, course_id) VALUES ('Per possit appetere suavitate no, pri te vidit timeam. Detracto albucius definitionem ei nec, id timeam complectitur duo.', 'timework', '16');
INSERT INTO submissions (description, username, course_id) VALUES ('Vim erant senserit voluptatum id, no vim stet summo.', 'strother', '16');
INSERT INTO submissions (description, username, course_id) VALUES ('At consequuntur necessitatibus per, vitae tollit ea pri, percipit molestiae voluptatum no has.', 'marigolda', '17');
INSERT INTO submissions (description, username, course_id) VALUES ('Partiendo molestiae temporibus per in, tantas democritum definitiones ei pro.', 'satinet', '17');
INSERT INTO submissions (description, username, course_id) VALUES ('Vim erant senserit voluptatum id, no vim stet summo.', 'dodger', '17');
INSERT INTO submissions (description, username, course_id) VALUES ('An nec primis quaeque maluisset, sed doctus tincidunt reformidans an.', 'victor', '18');
INSERT INTO submissions (description, username, course_id) VALUES ('Euripidis sadipscing vel ei, modus percipit vis an, malis primis dissentias sed ei.', 'graviton', '18');
INSERT INTO submissions (description, username, course_id) VALUES ('Eum ea quas feugiat vivendo, inermis recteque scripserit mel eu.', 'graviton', '18');
INSERT INTO submissions (description, username, course_id) VALUES ('Mea id sint summo pertinax, idque exerci his ad.', 'dodger', '19');
INSERT INTO submissions (description, username, course_id) VALUES ('Mea id sint summo pertinax, idque exerci his ad.', 'timework', '19');
INSERT INTO submissions (description, username, course_id) VALUES ('Ne sea alienum oportere, quaestio partiendo teeum.', 'blackstock', '19');
INSERT INTO submissions (description, username, course_id) VALUES ('At per augue incorrupte deterruisset, habeo eleifend ex sea, zril aliquam intellegam eam at.', 'funda', '20');
INSERT INTO submissions (description, username, course_id) VALUES ('Paulo rationibus ex mea, ex feugait percipitur scripserit quo.', 'bassett', '20');
INSERT INTO submissions (description, username, course_id) VALUES ('Eum ea quas feugiat vivendo, inermis recteque scripserit mel eu.', 'sennacherib', '20');
INSERT INTO submissions (description, username, course_id) VALUES ('Sed maiorum constituto ea, sed at vocibus abhorreant argumentum. Vel ea nonumy contentiones, posse audiam albucius mel ut, ancillae neglegentur his an.', 'dodger', '21');
INSERT INTO submissions (description, username, course_id) VALUES ('Eu cum regione dissentiet, at eos quodsi discere quaestio.', 'inhibit', '21');
INSERT INTO submissions (description, username, course_id) VALUES ('Has elitr saepe urbanitas ei, et mundi quodsi nostrud sed.', 'lundin', '21');
INSERT INTO submissions (description, username, course_id) VALUES ('Mel nisl molestie ex, at delectus voluptatum ius, ius cu veritus appareat.', 'aegaeon', '22');
INSERT INTO submissions (description, username, course_id) VALUES ('Iisque epicuri eam an, mel ad unum antiopam deterruisset, probo evertitur nec at.', 'punster', '22');
INSERT INTO submissions (description, username, course_id) VALUES ('Id est sumo hinc. Detraxit abhorreant pro eu, et consul feugait mnesarchum qui, civibus cotidieque necessitatibus exmea.', 'lundin', '22');
INSERT INTO submissions (description, username, course_id) VALUES ('Id est sumo hinc. Detraxit abhorreant pro eu, et consul feugait mnesarchum qui, civibus cotidieque necessitatibus exmea.', 'attar', '23');
INSERT INTO submissions (description, username, course_id) VALUES ('An nostro discere veritus eum, in iusto ornatus periculis has, ea enim singulis pri.', 'squash', '23');
INSERT INTO submissions (description, username, course_id) VALUES ('Partiendo molestiae temporibus per in, tantas democritum definitiones ei pro.', 'sennacherib', '23');
INSERT INTO submissions (description, username, course_id) VALUES ('Iisque epicuri eam an, mel ad unum antiopam deterruisset, probo evertitur nec at.', 'punster', '24');
INSERT INTO submissions (description, username, course_id) VALUES ('Paulo rationibus ex mea, ex feugait percipitur scripserit quo.', 'blackstock', '24');
INSERT INTO submissions (description, username, course_id) VALUES ('Usu autem omittam no.', 'wisniewski', '24');
INSERT INTO submissions (description, username, course_id) VALUES ('Mea id sint summo pertinax, idque exerci his ad.', 'koval', '25');
INSERT INTO submissions (description, username, course_id) VALUES ('Mei ea patrioque voluptaria, in eum melius tractatos adversarium.', 'sunstroke', '25');
INSERT INTO submissions (description, username, course_id) VALUES ('At per augue incorrupte deterruisset, habeo eleifend ex sea, zril aliquam intellegam eam at.', 'wisniewski', '25');
INSERT INTO submissions (description, username, course_id) VALUES ('Pro case tacimates honestatis et, graeci cetero evertitur nec in. Est et eripuit volumus, legendos facilisis vel at.', 'blackstock', '26');
INSERT INTO submissions (description, username, course_id) VALUES ('Te vis discere alterum prodesset, eam te mucius sententiae, mel unum natum commodo ut.', 'dodger', '26');
INSERT INTO submissions (description, username, course_id) VALUES ('Clita putent offendit ei nam, pro at nulla nobis. In unum antiopam dissentias vim.', 'bangor', '26');
INSERT INTO submissions (description, username, course_id) VALUES ('An nec primis quaeque maluisset, sed doctus tincidunt reformidans an.', 'serviceman', '27');
INSERT INTO submissions (description, username, course_id) VALUES ('Amet voluptua sensibus sed et, te movet contentiones vis, in eum quas porro utroque.', 'cadge', '27');
INSERT INTO submissions (description, username, course_id) VALUES ('Eu cum regione dissentiet, at eos quodsi discere quaestio.', 'marigolda', '27');
INSERT INTO submissions (description, username, course_id) VALUES ('Summo phaedrum ei eum, quaeque fastidii est cu. Meliore officiis ei eos, sed essent aperiri probatus id.', 'dodger', '28');
INSERT INTO submissions (description, username, course_id) VALUES ('Atqui labores perpetua ad est, ne usu elit audiam instructior. In vim iusto utinam explicari.', 'graviton', '28');
INSERT INTO submissions (description, username, course_id) VALUES ('Ne nulla libris deterruisset eam, maiorum facilisi an duo.', 'victor', '28');
INSERT INTO submissions (description, username, course_id) VALUES ('Ne sea alienum oportere, quaestio partiendo teeum.', 'wisniewski', '29');
INSERT INTO submissions (description, username, course_id) VALUES ('His in oratio petentium.', 'timework', '29');
INSERT INTO submissions (description, username, course_id) VALUES ('Amet voluptua sensibus sed et, te movet contentiones vis, in eum quas porro utroque.', 'benghazi', '29');
INSERT INTO submissions (description, username, course_id) VALUES ('Pro at postea vivendum argumentum.', 'ambagious', '30');
INSERT INTO submissions (description, username, course_id) VALUES ('Summo phaedrum ei eum, quaeque fastidii est cu. Meliore officiis ei eos, sed essent aperiri probatus id.', 'cutwater', '30');
INSERT INTO submissions (description, username, course_id) VALUES ('Eum ea quas feugiat vivendo, inermis recteque scripserit mel eu.', 'cadge', '30');
INSERT INTO submissions (description, username, course_id) VALUES ('Amet voluptua sensibus sed et, te movet contentiones vis, in eum quas porro utroque.', 'fairleigh', '31');
INSERT INTO submissions (description, username, course_id) VALUES ('At consequuntur necessitatibus per, vitae tollit ea pri, percipit molestiae voluptatum no has.', 'roux', '31');
INSERT INTO submissions (description, username, course_id) VALUES ('An nec primis quaeque maluisset, sed doctus tincidunt reformidans an.', 'dressy', '31');
INSERT INTO submissions (description, username, course_id) VALUES ('Partiendo molestiae temporibus per in, tantas democritum definitiones ei pro.', 'bangor', '32');
INSERT INTO submissions (description, username, course_id) VALUES ('Mei ea patrioque voluptaria, in eum melius tractatos adversarium.', 'finding', '32');
INSERT INTO submissions (description, username, course_id) VALUES ('Vel equidem platonem convenire ut, et mel cibo petentium, ius te simul delicatissimi.', 'aegaeon', '32');
INSERT INTO submissions (description, username, course_id) VALUES ('Id est sumo hinc. Detraxit abhorreant pro eu, et consul feugait mnesarchum qui, civibus cotidieque necessitatibus exmea.', 'squash', '33');
INSERT INTO submissions (description, username, course_id) VALUES ('Ne sea alienum oportere, quaestio partiendo teeum.', 'strother', '33');
INSERT INTO submissions (description, username, course_id) VALUES ('Mei ea patrioque voluptaria, in eum melius tractatos adversarium.', 'sunstroke', '33');
INSERT INTO submissions (description, username, course_id) VALUES ('Mel nisl molestie ex, at delectus voluptatum ius, ius cu veritus appareat.', 'timework', '34');
INSERT INTO submissions (description, username, course_id) VALUES ('At per augue incorrupte deterruisset, habeo eleifend ex sea, zril aliquam intellegam eam at.', 'serviceman', '34');
INSERT INTO submissions (description, username, course_id) VALUES ('Eu cum regione dissentiet, at eos quodsi discere quaestio.', 'serles', '34');
INSERT INTO submissions (description, username, course_id) VALUES ('Paulo rationibus ex mea, ex feugait percipitur scripserit quo.', 'marigolda', '35');
INSERT INTO submissions (description, username, course_id) VALUES ('Euripidis sadipscing vel ei, modus percipit vis an, malis primis dissentias sed ei.', 'been', '35');
INSERT INTO submissions (description, username, course_id) VALUES ('Nam eu saepe delenit, at nam quem splendide evertitur. At modo posse regione per. Duo augue viris ne, velit equidem convenire te pro.', 'bassett', '35');
INSERT INTO submissions (description, username, course_id) VALUES ('Mei ea patrioque voluptaria, in eum melius tractatos adversarium.', 'dodger', '36');
INSERT INTO submissions (description, username, course_id) VALUES ('Amet voluptua sensibus sed et, te movet contentiones vis, in eum quas porro utroque.', 'cutwater', '36');
INSERT INTO submissions (description, username, course_id) VALUES ('Habemus fuisset et vis. Purto elit qui no, in ius movet dicit. In dolore fierent epicurei mea. Sit ne omnes ancillae, mea no erat suscipiantur.', 'lundin', '36');
INSERT INTO submissions (description, username, course_id) VALUES ('An nostro discere veritus eum, in iusto ornatus periculis has, ea enim singulis pri.', 'respectful', '37');
INSERT INTO submissions (description, username, course_id) VALUES ('Has elitr saepe urbanitas ei, et mundi quodsi nostrud sed.', 'dressy', '37');
INSERT INTO submissions (description, username, course_id) VALUES ('Summo phaedrum ei eum, quaeque fastidii est cu. Meliore officiis ei eos, sed essent aperiri probatus id.', 'attar', '37');
INSERT INTO submissions (description, username, course_id) VALUES ('Atqui labores perpetua ad est, ne usu elit audiam instructior. In vim iusto utinam explicari.', 'sunstroke', '38');
INSERT INTO submissions (description, username, course_id) VALUES ('Pro case tacimates honestatis et, graeci cetero evertitur nec in. Est et eripuit volumus, legendos facilisis vel at.', 'fairleigh', '38');
INSERT INTO submissions (description, username, course_id) VALUES ('Quo in vero rationibus, ut facer tritani nec, cu tempor putant accusamus vix.', 'blackstock', '38');
INSERT INTO submissions (description, username, course_id) VALUES ('At per augue incorrupte deterruisset, habeo eleifend ex sea, zril aliquam intellegam eam at.', 'dodger', '39');
INSERT INTO submissions (description, username, course_id) VALUES ('Has elitr saepe urbanitas ei, et mundi quodsi nostrud sed.', 'dodger', '39');
INSERT INTO submissions (description, username, course_id) VALUES ('Nam eu saepe delenit, at nam quem splendide evertitur. At modo posse regione per. Duo augue viris ne, velit equidem convenire te pro.', 'koval', '39');
INSERT INTO submissions (description, username, course_id) VALUES ('Per possit appetere suavitate no, pri te vidit timeam. Detracto albucius definitionem ei nec, id timeam complectitur duo.', 'serles', '40');
INSERT INTO submissions (description, username, course_id) VALUES ('Iudico tacimates temporibus ea eos, choro eligendi tincidunt in cum.', 'benghazi', '40');
INSERT INTO submissions (description, username, course_id) VALUES ('Id est sumo hinc. Detraxit abhorreant pro eu, et consul feugait mnesarchum qui, civibus cotidieque necessitatibus exmea.', 'alrich', '40');
INSERT INTO submissions (description, username, course_id) VALUES ('Quo in vero rationibus, ut facer tritani nec, cu tempor putant accusamus vix.', 'marigolda', '41');
INSERT INTO submissions (description, username, course_id) VALUES ('Eu justo docendi mea, mel principes referrentur id. Possit detraxit mea cu, eu has prima propriae.', 'cadge', '41');
INSERT INTO submissions (description, username, course_id) VALUES ('At consequuntur necessitatibus per, vitae tollit ea pri, percipit molestiae voluptatum no has.', 'koval', '41');
INSERT INTO submissions (description, username, course_id) VALUES ('Summo phaedrum ei eum, quaeque fastidii est cu. Meliore officiis ei eos, sed essent aperiri probatus id.', 'alrich', '42');
INSERT INTO submissions (description, username, course_id) VALUES ('Ne nulla libris deterruisset eam, maiorum facilisi an duo.', 'woodley', '42');
INSERT INTO submissions (description, username, course_id) VALUES ('An nostro discere veritus eum, in iusto ornatus periculis has, ea enim singulis pri.', 'serles', '42');
INSERT INTO submissions (description, username, course_id) VALUES ('At consequuntur necessitatibus per, vitae tollit ea pri, percipit molestiae voluptatum no has.', 'sizeable', '43');
INSERT INTO submissions (description, username, course_id) VALUES ('Facete labitur fabulas te his, ad esse summo definiebas ius.', 'satinet', '43');
INSERT INTO submissions (description, username, course_id) VALUES ('Mel nisl molestie ex, at delectus voluptatum ius, ius cu veritus appareat.', 'sizeable', '43');
INSERT INTO submissions (description, username, course_id) VALUES ('Mel nisl molestie ex, at delectus voluptatum ius, ius cu veritus appareat.', 'fairleigh', '44');
INSERT INTO submissions (description, username, course_id) VALUES ('Eu justo docendi mea, mel principes referrentur id. Possit detraxit mea cu, eu has prima propriae.', 'cutwater', '44');
INSERT INTO submissions (description, username, course_id) VALUES ('Atqui labores perpetua ad est, ne usu elit audiam instructior. In vim iusto utinam explicari.', 'timework', '44');
INSERT INTO submissions (description, username, course_id) VALUES ('Atqui labores perpetua ad est, ne usu elit audiam instructior. In vim iusto utinam explicari.', 'vanvanadate', '45');
INSERT INTO submissions (description, username, course_id) VALUES ('Quo in vero rationibus, ut facer tritani nec, cu tempor putant accusamus vix.', 'satinet', '45');
INSERT INTO submissions (description, username, course_id) VALUES ('Partiendo molestiae temporibus per in, tantas democritum definitiones ei pro.', 'bassett', '45');
INSERT INTO submissions (description, username, course_id) VALUES ('Atqui labores perpetua ad est, ne usu elit audiam instructior. In vim iusto utinam explicari.', 'wisniewski', '46');
INSERT INTO submissions (description, username, course_id) VALUES ('Et sit cibo modus dissentiet, ex qui fugit incorrupte, eu sit adhuc salutandi principes.', 'koval', '46');
INSERT INTO submissions (description, username, course_id) VALUES ('Amet voluptua sensibus sed et, te movet contentiones vis, in eum quas porro utroque.', 'punster', '46');
INSERT INTO submissions (description, username, course_id) VALUES ('At per augue incorrupte deterruisset, habeo eleifend ex sea, zril aliquam intellegam eam at.', 'funda', '47');
INSERT INTO submissions (description, username, course_id) VALUES ('Mel nisl molestie ex, at delectus voluptatum ius, ius cu veritus appareat.', 'bangor', '47');
INSERT INTO submissions (description, username, course_id) VALUES ('An nostro discere veritus eum, in iusto ornatus periculis has, ea enim singulis pri.', 'sennacherib', '47');
INSERT INTO submissions (description, username, course_id) VALUES ('Te vis discere alterum prodesset, eam te mucius sententiae, mel unum natum commodo ut.', 'spriggs', '48');
INSERT INTO submissions (description, username, course_id) VALUES ('Nam eu saepe delenit, at nam quem splendide evertitur. At modo posse regione per. Duo augue viris ne, velit equidem convenire te pro.', 'inhibit', '48');
INSERT INTO submissions (description, username, course_id) VALUES ('Lorem ipsum dolor sit amet, an qui velit noster malorum, has ne affert reprehendunt, est at essent diceret.', 'koval', '48');
INSERT INTO submissions (description, username, course_id) VALUES ('Usu autem omittam no.', 'koval', '49');
INSERT INTO submissions (description, username, course_id) VALUES ('Nam eu saepe delenit, at nam quem splendide evertitur. At modo posse regione per. Duo augue viris ne, velit equidem convenire te pro.', 'vanvanadate', '49');
INSERT INTO submissions (description, username, course_id) VALUES ('Pro at postea vivendum argumentum.', 'been', '49');
INSERT INTO submissions (description, username, course_id) VALUES ('Atqui labores perpetua ad est, ne usu elit audiam instructior. In vim iusto utinam explicari.', 'timework', '50');
INSERT INTO submissions (description, username, course_id) VALUES ('Te vis discere alterum prodesset, eam te mucius sententiae, mel unum natum commodo ut.', 'spriggs', '50');
INSERT INTO submissions (description, username, course_id) VALUES ('Amet voluptua sensibus sed et, te movet contentiones vis, in eum quas porro utroque.', 'bangor', '50');
INSERT INTO content (submission_id, url, filename) VALUES ('1', '/data/All HW', 'All HW');
INSERT INTO content (submission_id, url, filename) VALUES ('2', '/data/HW0-10', 'HW0-10');
INSERT INTO content (submission_id, url, filename) VALUES ('3', '/data/HW 1', 'HW 1');
INSERT INTO content (submission_id, url, filename) VALUES ('4', '/data/Study Guide Test 1', 'Study Guide Test 1');
INSERT INTO content (submission_id, url, filename) VALUES ('5', '/data/Study Guide Test 1', 'Study Guide Test 1');
INSERT INTO content (submission_id, url, filename) VALUES ('6', '/data/HW0-10', 'HW0-10');
INSERT INTO content (submission_id, url, filename) VALUES ('7', '/data/HW 5', 'HW 5');
INSERT INTO content (submission_id, url, filename) VALUES ('8', '/data/HW 2', 'HW 2');
INSERT INTO content (submission_id, url, filename) VALUES ('9', '/data/HW 4', 'HW 4');
INSERT INTO content (submission_id, url, filename) VALUES ('10', '/data/Study Guide Test 1', 'Study Guide Test 1');
INSERT INTO content (submission_id, url, filename) VALUES ('11', '/data/Study Guide Test 1', 'Study Guide Test 1');
INSERT INTO content (submission_id, url, filename) VALUES ('12', '/data/Practice Test', 'Practice Test');
INSERT INTO content (submission_id, url, filename) VALUES ('13', '/data/Study Guide Test 1', 'Study Guide Test 1');
INSERT INTO content (submission_id, url, filename) VALUES ('14', '/data/Study Guide Test 1', 'Study Guide Test 1');
INSERT INTO content (submission_id, url, filename) VALUES ('15', '/data/Study Guide Test 1', 'Study Guide Test 1');
INSERT INTO content (submission_id, url, filename) VALUES ('16', '/data/Study Guide Test 1', 'Study Guide Test 1');
INSERT INTO content (submission_id, url, filename) VALUES ('17', '/data/Study Guide Test 1', 'Study Guide Test 1');
INSERT INTO content (submission_id, url, filename) VALUES ('18', '/data/Practice Test', 'Practice Test');
INSERT INTO content (submission_id, url, filename) VALUES ('19', '/data/Study Guide Test 3', 'Study Guide Test 3');
INSERT INTO content (submission_id, url, filename) VALUES ('20', '/data/HW 1', 'HW 1');
INSERT INTO content (submission_id, url, filename) VALUES ('21', '/data/HW 1', 'HW 1');
INSERT INTO content (submission_id, url, filename) VALUES ('22', '/data/Practice Test', 'Practice Test');
INSERT INTO content (submission_id, url, filename) VALUES ('23', '/data/All HW', 'All HW');
INSERT INTO content (submission_id, url, filename) VALUES ('24', '/data/HW 6', 'HW 6');
INSERT INTO content (submission_id, url, filename) VALUES ('25', '/data/HW 6', 'HW 6');
INSERT INTO content (submission_id, url, filename) VALUES ('26', '/data/HW0-10', 'HW0-10');
INSERT INTO content (submission_id, url, filename) VALUES ('27', '/data/HW 5', 'HW 5');
INSERT INTO content (submission_id, url, filename) VALUES ('28', '/data/HW0-10', 'HW0-10');
INSERT INTO content (submission_id, url, filename) VALUES ('29', '/data/HW0-10', 'HW0-10');
INSERT INTO content (submission_id, url, filename) VALUES ('30', '/data/Study Guide Test 3', 'Study Guide Test 3');
INSERT INTO content (submission_id, url, filename) VALUES ('31', '/data/HW0-10', 'HW0-10');
INSERT INTO content (submission_id, url, filename) VALUES ('32', '/data/Practice Test', 'Practice Test');
INSERT INTO content (submission_id, url, filename) VALUES ('33', '/data/HW 4', 'HW 4');
INSERT INTO content (submission_id, url, filename) VALUES ('34', '/data/Study Guide Test 3', 'Study Guide Test 3');
INSERT INTO content (submission_id, url, filename) VALUES ('35', '/data/Study Guide Test 1', 'Study Guide Test 1');
INSERT INTO content (submission_id, url, filename) VALUES ('36', '/data/Study Guide Test 3', 'Study Guide Test 3');
INSERT INTO content (submission_id, url, filename) VALUES ('37', '/data/Practice Test', 'Practice Test');
INSERT INTO content (submission_id, url, filename) VALUES ('38', '/data/HW 1', 'HW 1');
INSERT INTO content (submission_id, url, filename) VALUES ('39', '/data/HW0-10', 'HW0-10');
INSERT INTO content (submission_id, url, filename) VALUES ('40', '/data/HW 3', 'HW 3');
INSERT INTO content (submission_id, url, filename) VALUES ('41', '/data/HW 2', 'HW 2');
INSERT INTO content (submission_id, url, filename) VALUES ('42', '/data/All HW', 'All HW');
INSERT INTO content (submission_id, url, filename) VALUES ('43', '/data/HW 3', 'HW 3');
INSERT INTO content (submission_id, url, filename) VALUES ('44', '/data/HW 5', 'HW 5');
INSERT INTO content (submission_id, url, filename) VALUES ('45', '/data/HW 3', 'HW 3');
INSERT INTO content (submission_id, url, filename) VALUES ('46', '/data/HW 3', 'HW 3');
INSERT INTO content (submission_id, url, filename) VALUES ('47', '/data/HW 1', 'HW 1');
INSERT INTO content (submission_id, url, filename) VALUES ('48', '/data/Study Guide Test 1', 'Study Guide Test 1');
INSERT INTO content (submission_id, url, filename) VALUES ('49', '/data/Study Guide Test 1', 'Study Guide Test 1');
INSERT INTO content (submission_id, url, filename) VALUES ('50', '/data/Study Guide Test 3', 'Study Guide Test 3');
INSERT INTO content (submission_id, url, filename) VALUES ('51', '/data/Study Guide Test 1', 'Study Guide Test 1');
INSERT INTO content (submission_id, url, filename) VALUES ('52', '/data/HW 1', 'HW 1');
INSERT INTO content (submission_id, url, filename) VALUES ('53', '/data/HW 2', 'HW 2');
INSERT INTO content (submission_id, url, filename) VALUES ('54', '/data/Practice Test', 'Practice Test');
INSERT INTO content (submission_id, url, filename) VALUES ('55', '/data/Study Guide Test 1', 'Study Guide Test 1');
INSERT INTO content (submission_id, url, filename) VALUES ('56', '/data/Study Guide Test 1', 'Study Guide Test 1');
INSERT INTO content (submission_id, url, filename) VALUES ('57', '/data/Study Guide Test 1', 'Study Guide Test 1');
INSERT INTO content (submission_id, url, filename) VALUES ('58', '/data/HW 4', 'HW 4');
INSERT INTO content (submission_id, url, filename) VALUES ('59', '/data/Study Guide Test 3', 'Study Guide Test 3');
INSERT INTO content (submission_id, url, filename) VALUES ('60', '/data/Study Guide Test 3', 'Study Guide Test 3');
INSERT INTO content (submission_id, url, filename) VALUES ('61', '/data/Practice Test', 'Practice Test');
INSERT INTO content (submission_id, url, filename) VALUES ('62', '/data/HW 6', 'HW 6');
INSERT INTO content (submission_id, url, filename) VALUES ('63', '/data/HW0-10', 'HW0-10');
INSERT INTO content (submission_id, url, filename) VALUES ('64', '/data/HW 4', 'HW 4');
INSERT INTO content (submission_id, url, filename) VALUES ('65', '/data/HW 5', 'HW 5');
INSERT INTO content (submission_id, url, filename) VALUES ('66', '/data/HW 2', 'HW 2');
INSERT INTO content (submission_id, url, filename) VALUES ('67', '/data/HW 2', 'HW 2');
INSERT INTO content (submission_id, url, filename) VALUES ('68', '/data/Study Guide Test 1', 'Study Guide Test 1');
INSERT INTO content (submission_id, url, filename) VALUES ('69', '/data/All HW', 'All HW');
INSERT INTO content (submission_id, url, filename) VALUES ('70', '/data/HW 2', 'HW 2');
INSERT INTO content (submission_id, url, filename) VALUES ('71', '/data/HW 2', 'HW 2');
INSERT INTO content (submission_id, url, filename) VALUES ('72', '/data/HW 2', 'HW 2');
INSERT INTO content (submission_id, url, filename) VALUES ('73', '/data/Study Guide Test 1', 'Study Guide Test 1');
INSERT INTO content (submission_id, url, filename) VALUES ('74', '/data/HW 5', 'HW 5');
INSERT INTO content (submission_id, url, filename) VALUES ('75', '/data/HW 2', 'HW 2');
INSERT INTO content (submission_id, url, filename) VALUES ('76', '/data/HW 4', 'HW 4');
INSERT INTO content (submission_id, url, filename) VALUES ('77', '/data/Study Guide Test 3', 'Study Guide Test 3');
INSERT INTO content (submission_id, url, filename) VALUES ('78', '/data/HW 4', 'HW 4');
INSERT INTO content (submission_id, url, filename) VALUES ('79', '/data/Study Guide Test 3', 'Study Guide Test 3');
INSERT INTO content (submission_id, url, filename) VALUES ('80', '/data/All HW', 'All HW');
INSERT INTO content (submission_id, url, filename) VALUES ('81', '/data/HW 2', 'HW 2');
INSERT INTO content (submission_id, url, filename) VALUES ('82', '/data/HW 6', 'HW 6');
INSERT INTO content (submission_id, url, filename) VALUES ('83', '/data/HW 1', 'HW 1');
INSERT INTO content (submission_id, url, filename) VALUES ('84', '/data/Practice Test', 'Practice Test');
INSERT INTO content (submission_id, url, filename) VALUES ('85', '/data/HW 5', 'HW 5');
INSERT INTO content (submission_id, url, filename) VALUES ('86', '/data/HW0-10', 'HW0-10');
INSERT INTO content (submission_id, url, filename) VALUES ('87', '/data/HW 3', 'HW 3');
INSERT INTO content (submission_id, url, filename) VALUES ('88', '/data/HW 1', 'HW 1');
INSERT INTO content (submission_id, url, filename) VALUES ('89', '/data/Practice Test', 'Practice Test');
INSERT INTO content (submission_id, url, filename) VALUES ('90', '/data/HW 3', 'HW 3');
INSERT INTO content (submission_id, url, filename) VALUES ('91', '/data/HW 1', 'HW 1');
INSERT INTO content (submission_id, url, filename) VALUES ('92', '/data/HW 3', 'HW 3');
INSERT INTO content (submission_id, url, filename) VALUES ('93', '/data/Study Guide Test 3', 'Study Guide Test 3');
INSERT INTO content (submission_id, url, filename) VALUES ('94', '/data/All HW', 'All HW');
INSERT INTO content (submission_id, url, filename) VALUES ('95', '/data/HW 6', 'HW 6');
INSERT INTO content (submission_id, url, filename) VALUES ('96', '/data/HW 5', 'HW 5');
INSERT INTO content (submission_id, url, filename) VALUES ('97', '/data/HW0-10', 'HW0-10');
INSERT INTO content (submission_id, url, filename) VALUES ('98', '/data/Study Guide Test 1', 'Study Guide Test 1');
INSERT INTO content (submission_id, url, filename) VALUES ('99', '/data/Practice Test', 'Practice Test');
INSERT INTO content (submission_id, url, filename) VALUES ('100', '/data/HW 1', 'HW 1');
INSERT INTO content (submission_id, url, filename) VALUES ('101', '/data/Study Guide Test 1', 'Study Guide Test 1');
INSERT INTO content (submission_id, url, filename) VALUES ('102', '/data/Practice Test', 'Practice Test');
INSERT INTO content (submission_id, url, filename) VALUES ('103', '/data/HW 3', 'HW 3');
INSERT INTO content (submission_id, url, filename) VALUES ('104', '/data/Study Guide Test 1', 'Study Guide Test 1');
INSERT INTO content (submission_id, url, filename) VALUES ('105', '/data/Practice Test', 'Practice Test');
INSERT INTO content (submission_id, url, filename) VALUES ('106', '/data/HW 5', 'HW 5');
INSERT INTO content (submission_id, url, filename) VALUES ('107', '/data/All HW', 'All HW');
INSERT INTO content (submission_id, url, filename) VALUES ('108', '/data/Practice Test', 'Practice Test');
INSERT INTO content (submission_id, url, filename) VALUES ('109', '/data/All HW', 'All HW');
INSERT INTO content (submission_id, url, filename) VALUES ('110', '/data/HW 2', 'HW 2');
INSERT INTO content (submission_id, url, filename) VALUES ('111', '/data/HW 3', 'HW 3');
INSERT INTO content (submission_id, url, filename) VALUES ('112', '/data/HW0-10', 'HW0-10');
INSERT INTO content (submission_id, url, filename) VALUES ('113', '/data/HW 2', 'HW 2');
INSERT INTO content (submission_id, url, filename) VALUES ('114', '/data/HW 1', 'HW 1');
INSERT INTO content (submission_id, url, filename) VALUES ('115', '/data/Study Guide Test 3', 'Study Guide Test 3');
INSERT INTO content (submission_id, url, filename) VALUES ('116', '/data/HW 4', 'HW 4');
INSERT INTO content (submission_id, url, filename) VALUES ('117', '/data/HW0-10', 'HW0-10');
INSERT INTO content (submission_id, url, filename) VALUES ('118', '/data/Study Guide Test 1', 'Study Guide Test 1');
INSERT INTO content (submission_id, url, filename) VALUES ('119', '/data/HW 6', 'HW 6');
INSERT INTO content (submission_id, url, filename) VALUES ('120', '/data/HW 3', 'HW 3');
INSERT INTO content (submission_id, url, filename) VALUES ('121', '/data/HW 2', 'HW 2');
INSERT INTO content (submission_id, url, filename) VALUES ('122', '/data/Study Guide Test 1', 'Study Guide Test 1');
INSERT INTO content (submission_id, url, filename) VALUES ('123', '/data/Study Guide Test 1', 'Study Guide Test 1');
INSERT INTO content (submission_id, url, filename) VALUES ('124', '/data/Study Guide Test 1', 'Study Guide Test 1');
INSERT INTO content (submission_id, url, filename) VALUES ('125', '/data/Study Guide Test 3', 'Study Guide Test 3');
INSERT INTO content (submission_id, url, filename) VALUES ('126', '/data/HW 2', 'HW 2');
INSERT INTO content (submission_id, url, filename) VALUES ('127', '/data/Study Guide Test 1', 'Study Guide Test 1');
INSERT INTO content (submission_id, url, filename) VALUES ('128', '/data/HW 3', 'HW 3');
INSERT INTO content (submission_id, url, filename) VALUES ('129', '/data/HW 1', 'HW 1');
INSERT INTO content (submission_id, url, filename) VALUES ('130', '/data/HW 2', 'HW 2');
INSERT INTO content (submission_id, url, filename) VALUES ('131', '/data/HW 2', 'HW 2');
INSERT INTO content (submission_id, url, filename) VALUES ('132', '/data/Study Guide Test 1', 'Study Guide Test 1');
INSERT INTO content (submission_id, url, filename) VALUES ('133', '/data/HW 6', 'HW 6');
INSERT INTO content (submission_id, url, filename) VALUES ('134', '/data/Study Guide Test 3', 'Study Guide Test 3');
INSERT INTO content (submission_id, url, filename) VALUES ('135', '/data/HW 2', 'HW 2');
INSERT INTO content (submission_id, url, filename) VALUES ('136', '/data/HW0-10', 'HW0-10');
INSERT INTO content (submission_id, url, filename) VALUES ('137', '/data/Practice Test', 'Practice Test');
INSERT INTO content (submission_id, url, filename) VALUES ('138', '/data/HW 5', 'HW 5');
INSERT INTO content (submission_id, url, filename) VALUES ('139', '/data/Study Guide Test 1', 'Study Guide Test 1');
INSERT INTO content (submission_id, url, filename) VALUES ('140', '/data/HW 3', 'HW 3');
INSERT INTO content (submission_id, url, filename) VALUES ('141', '/data/HW0-10', 'HW0-10');
INSERT INTO content (submission_id, url, filename) VALUES ('142', '/data/HW 3', 'HW 3');
INSERT INTO content (submission_id, url, filename) VALUES ('143', '/data/Study Guide Test 3', 'Study Guide Test 3');
INSERT INTO content (submission_id, url, filename) VALUES ('144', '/data/HW0-10', 'HW0-10');
INSERT INTO content (submission_id, url, filename) VALUES ('145', '/data/HW 1', 'HW 1');
INSERT INTO content (submission_id, url, filename) VALUES ('146', '/data/HW 1', 'HW 1');
INSERT INTO content (submission_id, url, filename) VALUES ('147', '/data/HW 2', 'HW 2');
INSERT INTO content (submission_id, url, filename) VALUES ('148', '/data/HW 1', 'HW 1');
INSERT INTO content (submission_id, url, filename) VALUES ('149', '/data/Study Guide Test 1', 'Study Guide Test 1');
INSERT INTO content (submission_id, url, filename) VALUES ('150', '/data/HW 3', 'HW 3');
INSERT INTO ratings (submission_id, url, username, rating) VALUES ('1', '/data/All HW', 'totally', '1');
INSERT INTO ratings (submission_id, url, username, rating) VALUES ('2', '/data/HW0-10', 'koval', '1');
INSERT INTO ratings (submission_id, url, username, rating) VALUES ('3', '/data/HW 1', 'aegaeon', '5');
INSERT INTO ratings (submission_id, url, username, rating) VALUES ('3', '/data/HW 1', 'spriggs', '5');
INSERT INTO ratings (submission_id, url, username, rating) VALUES ('4', '/data/Study Guide Test 1', 'wisniewski', '5');
INSERT INTO ratings (submission_id, url, username, rating) VALUES ('5', '/data/Study Guide Test 1', 'squash', '2');
INSERT INTO ratings (submission_id, url, username, rating) VALUES ('6', '/data/HW0-10', 'sennacherib', '2');
INSERT INTO ratings (submission_id, url, username, rating) VALUES ('6', '/data/HW0-10', 'alrich', '2');
INSERT INTO ratings (submission_id, url, username, rating) VALUES ('6', '/data/HW0-10', 'serles', '1');
INSERT INTO ratings (submission_id, url, username, rating) VALUES ('7', '/data/HW 5', 'blackstock', '5');
INSERT INTO ratings (submission_id, url, username, rating) VALUES ('7', '/data/HW 5', 'roux', '5');
INSERT INTO ratings (submission_id, url, username, rating) VALUES ('8', '/data/HW 2', 'attar', '4');
INSERT INTO ratings (submission_id, url, username, rating) VALUES ('9', '/data/HW 4', 'bangor', '1');
INSERT INTO ratings (submission_id, url, username, rating) VALUES ('9', '/data/HW 4', 'fairleigh', '3');
INSERT INTO ratings (submission_id, url, username, rating) VALUES ('9', '/data/HW 4', 'blackstock', '4');
INSERT INTO ratings (submission_id, url, username, rating) VALUES ('10', '/data/Study Guide Test 1', 'blackstock', '1');
INSERT INTO ratings (submission_id, url, username, rating) VALUES ('10', '/data/Study Guide Test 1', 'vanvanadate', '2');
INSERT INTO ratings (submission_id, url, username, rating) VALUES ('11', '/data/Study Guide Test 1', 'ambagious', '1');
INSERT INTO ratings (submission_id, url, username, rating) VALUES ('12', '/data/Practice Test', 'sennacherib', '2');
INSERT INTO ratings (submission_id, url, username, rating) VALUES ('12', '/data/Practice Test', 'vanvanadate', '5');
INSERT INTO ratings (submission_id, url, username, rating) VALUES ('13', '/data/Study Guide Test 1', 'sizeable', '5');
INSERT INTO ratings (submission_id, url, username, rating) VALUES ('13', '/data/Study Guide Test 1', 'dressy', '3');
INSERT INTO ratings (submission_id, url, username, rating) VALUES ('14', '/data/Study Guide Test 1', 'been', '2');
INSERT INTO ratings (submission_id, url, username, rating) VALUES ('14', '/data/Study Guide Test 1', 'benghazi', '3');
INSERT INTO ratings (submission_id, url, username, rating) VALUES ('15', '/data/Study Guide Test 1', 'roux', '1');
INSERT INTO ratings (submission_id, url, username, rating) VALUES ('16', '/data/Study Guide Test 1', 'totally', '5');
INSERT INTO ratings (submission_id, url, username, rating) VALUES ('17', '/data/Study Guide Test 1', 'spriggs', '4');
INSERT INTO ratings (submission_id, url, username, rating) VALUES ('17', '/data/Study Guide Test 1', 'bangor', '2');
INSERT INTO ratings (submission_id, url, username, rating) VALUES ('18', '/data/Practice Test', 'dressy', '1');
INSERT INTO ratings (submission_id, url, username, rating) VALUES ('18', '/data/Practice Test', 'serviceman', '1');
INSERT INTO ratings (submission_id, url, username, rating) VALUES ('19', '/data/Study Guide Test 3', 'ambagious', '5');
INSERT INTO ratings (submission_id, url, username, rating) VALUES ('19', '/data/Study Guide Test 3', 'dressy', '1');
INSERT INTO ratings (submission_id, url, username, rating) VALUES ('19', '/data/Study Guide Test 3', 'bassett', '3');
INSERT INTO ratings (submission_id, url, username, rating) VALUES ('20', '/data/HW 1', 'timework', '1');
INSERT INTO ratings (submission_id, url, username, rating) VALUES ('20', '/data/HW 1', 'sunstroke', '1');
INSERT INTO ratings (submission_id, url, username, rating) VALUES ('20', '/data/HW 1', 'bassett', '4');
INSERT INTO ratings (submission_id, url, username, rating) VALUES ('21', '/data/HW 1', 'strother', '2');
INSERT INTO ratings (submission_id, url, username, rating) VALUES ('21', '/data/HW 1', 'funda', '4');
INSERT INTO ratings (submission_id, url, username, rating) VALUES ('22', '/data/Practice Test', 'woodley', '5');
INSERT INTO ratings (submission_id, url, username, rating) VALUES ('23', '/data/All HW', 'aegaeon', '5');
INSERT INTO ratings (submission_id, url, username, rating) VALUES ('23', '/data/All HW', 'blackstock', '3');
INSERT INTO ratings (submission_id, url, username, rating) VALUES ('24', '/data/HW 6', 'aegaeon', '1');
INSERT INTO ratings (submission_id, url, username, rating) VALUES ('24', '/data/HW 6', 'squash', '5');
INSERT INTO ratings (submission_id, url, username, rating) VALUES ('24', '/data/HW 6', 'been', '5');
INSERT INTO ratings (submission_id, url, username, rating) VALUES ('25', '/data/HW 6', 'serviceman', '5');
INSERT INTO ratings (submission_id, url, username, rating) VALUES ('26', '/data/HW0-10', 'aegaeon', '1');
INSERT INTO ratings (submission_id, url, username, rating) VALUES ('26', '/data/HW0-10', 'spriggs', '4');
INSERT INTO ratings (submission_id, url, username, rating) VALUES ('26', '/data/HW0-10', 'roux', '5');
INSERT INTO ratings (submission_id, url, username, rating) VALUES ('27', '/data/HW 5', 'cadge', '5');
INSERT INTO ratings (submission_id, url, username, rating) VALUES ('27', '/data/HW 5', 'punster', '2');
INSERT INTO ratings (submission_id, url, username, rating) VALUES ('28', '/data/HW0-10', 'cutwater', '5');
INSERT INTO ratings (submission_id, url, username, rating) VALUES ('28', '/data/HW0-10', 'lundin', '5');
INSERT INTO ratings (submission_id, url, username, rating) VALUES ('28', '/data/HW0-10', 'satinet', '5');
INSERT INTO ratings (submission_id, url, username, rating) VALUES ('29', '/data/HW0-10', 'bassett', '4');
INSERT INTO ratings (submission_id, url, username, rating) VALUES ('29', '/data/HW0-10', 'wisniewski', '5');
INSERT INTO ratings (submission_id, url, username, rating) VALUES ('29', '/data/HW0-10', 'roux', '4');
INSERT INTO ratings (submission_id, url, username, rating) VALUES ('30', '/data/Study Guide Test 3', 'sunstroke', '2');
INSERT INTO ratings (submission_id, url, username, rating) VALUES ('30', '/data/Study Guide Test 3', 'totally', '1');
INSERT INTO ratings (submission_id, url, username, rating) VALUES ('31', '/data/HW0-10', 'wisniewski', '3');
INSERT INTO ratings (submission_id, url, username, rating) VALUES ('31', '/data/HW0-10', 'finding', '3');
INSERT INTO ratings (submission_id, url, username, rating) VALUES ('32', '/data/Practice Test', 'sennacherib', '4');
INSERT INTO ratings (submission_id, url, username, rating) VALUES ('32', '/data/Practice Test', 'bangor', '3');
INSERT INTO ratings (submission_id, url, username, rating) VALUES ('32', '/data/Practice Test', 'satinet', '2');
INSERT INTO ratings (submission_id, url, username, rating) VALUES ('33', '/data/HW 4', 'vanvanadate', '5');
INSERT INTO ratings (submission_id, url, username, rating) VALUES ('34', '/data/Study Guide Test 3', 'wisniewski', '1');
INSERT INTO ratings (submission_id, url, username, rating) VALUES ('34', '/data/Study Guide Test 3', 'squash', '5');
INSERT INTO ratings (submission_id, url, username, rating) VALUES ('34', '/data/Study Guide Test 3', 'punster', '3');
INSERT INTO ratings (submission_id, url, username, rating) VALUES ('35', '/data/Study Guide Test 1', 'sunstroke', '2');
INSERT INTO ratings (submission_id, url, username, rating) VALUES ('35', '/data/Study Guide Test 1', 'bangor', '3');
INSERT INTO ratings (submission_id, url, username, rating) VALUES ('36', '/data/Study Guide Test 3', 'blackstock', '3');
INSERT INTO ratings (submission_id, url, username, rating) VALUES ('37', '/data/Practice Test', 'wisniewski', '3');
INSERT INTO ratings (submission_id, url, username, rating) VALUES ('37', '/data/Practice Test', 'sennacherib', '3');
INSERT INTO ratings (submission_id, url, username, rating) VALUES ('37', '/data/Practice Test', 'sunstroke', '4');
INSERT INTO ratings (submission_id, url, username, rating) VALUES ('38', '/data/HW 1', 'been', '5');
INSERT INTO ratings (submission_id, url, username, rating) VALUES ('39', '/data/HW0-10', 'cadge', '1');
INSERT INTO ratings (submission_id, url, username, rating) VALUES ('40', '/data/HW 3', 'koval', '1');
INSERT INTO ratings (submission_id, url, username, rating) VALUES ('40', '/data/HW 3', 'graviton', '4');
INSERT INTO ratings (submission_id, url, username, rating) VALUES ('41', '/data/HW 2', 'funda', '4');
INSERT INTO ratings (submission_id, url, username, rating) VALUES ('42', '/data/All HW', 'finding', '4');
INSERT INTO ratings (submission_id, url, username, rating) VALUES ('42', '/data/All HW', 'squash', '5');
INSERT INTO ratings (submission_id, url, username, rating) VALUES ('43', '/data/HW 3', 'sunstroke', '3');
INSERT INTO ratings (submission_id, url, username, rating) VALUES ('43', '/data/HW 3', 'koval', '4');
INSERT INTO ratings (submission_id, url, username, rating) VALUES ('43', '/data/HW 3', 'finding', '3');
INSERT INTO ratings (submission_id, url, username, rating) VALUES ('44', '/data/HW 5', 'fairleigh', '3');
INSERT INTO ratings (submission_id, url, username, rating) VALUES ('44', '/data/HW 5', 'sunstroke', '2');
INSERT INTO ratings (submission_id, url, username, rating) VALUES ('45', '/data/HW 3', 'inhibit', '1');
INSERT INTO ratings (submission_id, url, username, rating) VALUES ('45', '/data/HW 3', 'victor', '5');
INSERT INTO ratings (submission_id, url, username, rating) VALUES ('46', '/data/HW 3', 'inhibit', '5');
INSERT INTO ratings (submission_id, url, username, rating) VALUES ('47', '/data/HW 1', 'woodley', '1');
INSERT INTO ratings (submission_id, url, username, rating) VALUES ('48', '/data/Study Guide Test 1', 'inhibit', '3');
INSERT INTO ratings (submission_id, url, username, rating) VALUES ('48', '/data/Study Guide Test 1', 'alrich', '4');
INSERT INTO ratings (submission_id, url, username, rating) VALUES ('49', '/data/Study Guide Test 1', 'respectful', '2');
INSERT INTO ratings (submission_id, url, username, rating) VALUES ('49', '/data/Study Guide Test 1', 'timework', '4');
INSERT INTO ratings (submission_id, url, username, rating) VALUES ('49', '/data/Study Guide Test 1', 'serviceman', '3');
INSERT INTO ratings (submission_id, url, username, rating) VALUES ('50', '/data/Study Guide Test 3', 'totally', '2');
INSERT INTO ratings (submission_id, url, username, rating) VALUES ('51', '/data/Study Guide Test 1', 'blackstock', '1');
INSERT INTO ratings (submission_id, url, username, rating) VALUES ('51', '/data/Study Guide Test 1', 'graviton', '3');
INSERT INTO ratings (submission_id, url, username, rating) VALUES ('51', '/data/Study Guide Test 1', 'wisniewski', '4');
INSERT INTO ratings (submission_id, url, username, rating) VALUES ('52', '/data/HW 1', 'cutwater', '4');
INSERT INTO ratings (submission_id, url, username, rating) VALUES ('53', '/data/HW 2', 'squash', '5');
INSERT INTO ratings (submission_id, url, username, rating) VALUES ('54', '/data/Practice Test', 'inhibit', '3');
INSERT INTO ratings (submission_id, url, username, rating) VALUES ('54', '/data/Practice Test', 'roux', '5');
INSERT INTO ratings (submission_id, url, username, rating) VALUES ('55', '/data/Study Guide Test 1', 'timework', '1');
INSERT INTO ratings (submission_id, url, username, rating) VALUES ('55', '/data/Study Guide Test 1', 'woodley', '4');
INSERT INTO ratings (submission_id, url, username, rating) VALUES ('55', '/data/Study Guide Test 1', 'been', '4');
INSERT INTO ratings (submission_id, url, username, rating) VALUES ('56', '/data/Study Guide Test 1', 'blackstock', '2');
INSERT INTO ratings (submission_id, url, username, rating) VALUES ('57', '/data/Study Guide Test 1', 'bangor', '3');
INSERT INTO ratings (submission_id, url, username, rating) VALUES ('57', '/data/Study Guide Test 1', 'strother', '3');
INSERT INTO ratings (submission_id, url, username, rating) VALUES ('57', '/data/Study Guide Test 1', 'sizeable', '5');
INSERT INTO ratings (submission_id, url, username, rating) VALUES ('58', '/data/HW 4', 'koval', '3');
INSERT INTO ratings (submission_id, url, username, rating) VALUES ('58', '/data/HW 4', 'fairleigh', '5');
INSERT INTO ratings (submission_id, url, username, rating) VALUES ('58', '/data/HW 4', 'sennacherib', '3');
INSERT INTO ratings (submission_id, url, username, rating) VALUES ('59', '/data/Study Guide Test 3', 'tarkington', '4');
INSERT INTO ratings (submission_id, url, username, rating) VALUES ('59', '/data/Study Guide Test 3', 'graviton', '5');
INSERT INTO ratings (submission_id, url, username, rating) VALUES ('59', '/data/Study Guide Test 3', 'dressy', '3');
INSERT INTO ratings (submission_id, url, username, rating) VALUES ('60', '/data/Study Guide Test 3', 'woodley', '2');
INSERT INTO ratings (submission_id, url, username, rating) VALUES ('60', '/data/Study Guide Test 3', 'fairleigh', '1');
INSERT INTO ratings (submission_id, url, username, rating) VALUES ('61', '/data/Practice Test', 'serles', '4');
INSERT INTO ratings (submission_id, url, username, rating) VALUES ('62', '/data/HW 6', 'respectful', '1');
INSERT INTO ratings (submission_id, url, username, rating) VALUES ('62', '/data/HW 6', 'dodger', '5');
INSERT INTO ratings (submission_id, url, username, rating) VALUES ('62', '/data/HW 6', 'graviton', '5');
INSERT INTO ratings (submission_id, url, username, rating) VALUES ('63', '/data/HW0-10', 'graviton', '1');
INSERT INTO ratings (submission_id, url, username, rating) VALUES ('64', '/data/HW 4', 'respectful', '5');
INSERT INTO ratings (submission_id, url, username, rating) VALUES ('64', '/data/HW 4', 'dodger', '4');
INSERT INTO ratings (submission_id, url, username, rating) VALUES ('64', '/data/HW 4', 'wisniewski', '2');
INSERT INTO ratings (submission_id, url, username, rating) VALUES ('65', '/data/HW 5', 'cadge', '3');
INSERT INTO ratings (submission_id, url, username, rating) VALUES ('65', '/data/HW 5', 'vanvanadate', '4');
INSERT INTO ratings (submission_id, url, username, rating) VALUES ('66', '/data/HW 2', 'benghazi', '1');
INSERT INTO ratings (submission_id, url, username, rating) VALUES ('66', '/data/HW 2', 'strother', '4');
INSERT INTO ratings (submission_id, url, username, rating) VALUES ('66', '/data/HW 2', 'dodger', '4');
INSERT INTO ratings (submission_id, url, username, rating) VALUES ('67', '/data/HW 2', 'dressy', '4');
INSERT INTO ratings (submission_id, url, username, rating) VALUES ('68', '/data/Study Guide Test 1', 'tarkington', '2');
INSERT INTO ratings (submission_id, url, username, rating) VALUES ('68', '/data/Study Guide Test 1', 'inhibit', '2');
INSERT INTO ratings (submission_id, url, username, rating) VALUES ('68', '/data/Study Guide Test 1', 'serviceman', '2');
INSERT INTO ratings (submission_id, url, username, rating) VALUES ('69', '/data/All HW', 'alrich', '3');
INSERT INTO ratings (submission_id, url, username, rating) VALUES ('69', '/data/All HW', 'aegaeon', '3');
INSERT INTO ratings (submission_id, url, username, rating) VALUES ('70', '/data/HW 2', 'funda', '5');
INSERT INTO ratings (submission_id, url, username, rating) VALUES ('70', '/data/HW 2', 'cutwater', '1');
INSERT INTO ratings (submission_id, url, username, rating) VALUES ('71', '/data/HW 2', 'marigolda', '3');
INSERT INTO ratings (submission_id, url, username, rating) VALUES ('72', '/data/HW 2', 'roux', '1');
INSERT INTO ratings (submission_id, url, username, rating) VALUES ('72', '/data/HW 2', 'ambagious', '2');
INSERT INTO ratings (submission_id, url, username, rating) VALUES ('72', '/data/HW 2', 'benghazi', '1');
INSERT INTO ratings (submission_id, url, username, rating) VALUES ('73', '/data/Study Guide Test 1', 'satinet', '5');
INSERT INTO ratings (submission_id, url, username, rating) VALUES ('73', '/data/Study Guide Test 1', 'attar', '1');
INSERT INTO ratings (submission_id, url, username, rating) VALUES ('74', '/data/HW 5', 'sennacherib', '1');
INSERT INTO ratings (submission_id, url, username, rating) VALUES ('74', '/data/HW 5', 'blackstock', '3');
INSERT INTO ratings (submission_id, url, username, rating) VALUES ('74', '/data/HW 5', 'ambagious', '4');
INSERT INTO ratings (submission_id, url, username, rating) VALUES ('75', '/data/HW 2', 'tarkington', '5');
INSERT INTO ratings (submission_id, url, username, rating) VALUES ('75', '/data/HW 2', 'fairleigh', '5');
INSERT INTO ratings (submission_id, url, username, rating) VALUES ('75', '/data/HW 2', 'bangor', '4');
INSERT INTO ratings (submission_id, url, username, rating) VALUES ('76', '/data/HW 4', 'serviceman', '2');
INSERT INTO ratings (submission_id, url, username, rating) VALUES ('77', '/data/Study Guide Test 3', 'alrich', '3');
INSERT INTO ratings (submission_id, url, username, rating) VALUES ('78', '/data/HW 4', 'attar', '3');
INSERT INTO ratings (submission_id, url, username, rating) VALUES ('78', '/data/HW 4', 'marigolda', '4');
INSERT INTO ratings (submission_id, url, username, rating) VALUES ('78', '/data/HW 4', 'cadge', '4');
INSERT INTO ratings (submission_id, url, username, rating) VALUES ('79', '/data/Study Guide Test 3', 'alrich', '2');
INSERT INTO ratings (submission_id, url, username, rating) VALUES ('79', '/data/Study Guide Test 3', 'totally', '3');
INSERT INTO ratings (submission_id, url, username, rating) VALUES ('80', '/data/All HW', 'dressy', '4');
INSERT INTO ratings (submission_id, url, username, rating) VALUES ('80', '/data/All HW', 'serles', '2');
INSERT INTO ratings (submission_id, url, username, rating) VALUES ('80', '/data/All HW', 'graviton', '2');
INSERT INTO ratings (submission_id, url, username, rating) VALUES ('81', '/data/HW 2', 'fairleigh', '4');
INSERT INTO ratings (submission_id, url, username, rating) VALUES ('81', '/data/HW 2', 'vanvanadate', '5');
INSERT INTO ratings (submission_id, url, username, rating) VALUES ('81', '/data/HW 2', 'bangor', '5');
INSERT INTO ratings (submission_id, url, username, rating) VALUES ('82', '/data/HW 6', 'inhibit', '5');
INSERT INTO ratings (submission_id, url, username, rating) VALUES ('83', '/data/HW 1', 'vanvanadate', '1');
INSERT INTO ratings (submission_id, url, username, rating) VALUES ('84', '/data/Practice Test', 'tarkington', '1');
INSERT INTO ratings (submission_id, url, username, rating) VALUES ('84', '/data/Practice Test', 'sunstroke', '2');
INSERT INTO ratings (submission_id, url, username, rating) VALUES ('84', '/data/Practice Test', 'been', '2');
INSERT INTO ratings (submission_id, url, username, rating) VALUES ('85', '/data/HW 5', 'spriggs', '1');
INSERT INTO ratings (submission_id, url, username, rating) VALUES ('85', '/data/HW 5', 'been', '2');
INSERT INTO ratings (submission_id, url, username, rating) VALUES ('85', '/data/HW 5', 'inhibit', '2');
INSERT INTO ratings (submission_id, url, username, rating) VALUES ('86', '/data/HW0-10', 'been', '1');
INSERT INTO ratings (submission_id, url, username, rating) VALUES ('87', '/data/HW 3', 'spriggs', '1');
INSERT INTO ratings (submission_id, url, username, rating) VALUES ('87', '/data/HW 3', 'aegaeon', '3');
INSERT INTO ratings (submission_id, url, username, rating) VALUES ('87', '/data/HW 3', 'victor', '3');
INSERT INTO ratings (submission_id, url, username, rating) VALUES ('88', '/data/HW 1', 'marigolda', '1');
INSERT INTO ratings (submission_id, url, username, rating) VALUES ('88', '/data/HW 1', 'alrich', '1');
INSERT INTO ratings (submission_id, url, username, rating) VALUES ('89', '/data/Practice Test', 'koval', '2');
INSERT INTO ratings (submission_id, url, username, rating) VALUES ('89', '/data/Practice Test', 'lundin', '2');
INSERT INTO ratings (submission_id, url, username, rating) VALUES ('89', '/data/Practice Test', 'dressy', '4');
INSERT INTO ratings (submission_id, url, username, rating) VALUES ('90', '/data/HW 3', 'satinet', '4');
INSERT INTO ratings (submission_id, url, username, rating) VALUES ('90', '/data/HW 3', 'been', '3');
INSERT INTO ratings (submission_id, url, username, rating) VALUES ('91', '/data/HW 1', 'roux', '1');
INSERT INTO ratings (submission_id, url, username, rating) VALUES ('92', '/data/HW 3', 'alrich', '2');
INSERT INTO ratings (submission_id, url, username, rating) VALUES ('92', '/data/HW 3', 'satinet', '1');
INSERT INTO ratings (submission_id, url, username, rating) VALUES ('93', '/data/Study Guide Test 3', 'wisniewski', '3');
INSERT INTO ratings (submission_id, url, username, rating) VALUES ('94', '/data/All HW', 'benghazi', '4');
INSERT INTO ratings (submission_id, url, username, rating) VALUES ('94', '/data/All HW', 'vanvanadate', '4');
INSERT INTO ratings (submission_id, url, username, rating) VALUES ('94', '/data/All HW', 'attar', '5');
INSERT INTO ratings (submission_id, url, username, rating) VALUES ('95', '/data/HW 6', 'strother', '5');
INSERT INTO ratings (submission_id, url, username, rating) VALUES ('96', '/data/HW 5', 'been', '1');
INSERT INTO ratings (submission_id, url, username, rating) VALUES ('96', '/data/HW 5', 'bassett', '2');
INSERT INTO ratings (submission_id, url, username, rating) VALUES ('97', '/data/HW0-10', 'dressy', '4');
INSERT INTO ratings (submission_id, url, username, rating) VALUES ('97', '/data/HW0-10', 'serles', '5');
INSERT INTO ratings (submission_id, url, username, rating) VALUES ('98', '/data/Study Guide Test 1', 'dressy', '1');
INSERT INTO ratings (submission_id, url, username, rating) VALUES ('98', '/data/Study Guide Test 1', 'graviton', '5');
INSERT INTO ratings (submission_id, url, username, rating) VALUES ('99', '/data/Practice Test', 'benghazi', '4');
INSERT INTO ratings (submission_id, url, username, rating) VALUES ('99', '/data/Practice Test', 'lundin', '4');
INSERT INTO ratings (submission_id, url, username, rating) VALUES ('100', '/data/HW 1', 'serles', '3');
INSERT INTO ratings (submission_id, url, username, rating) VALUES ('101', '/data/Study Guide Test 1', 'attar', '2');
INSERT INTO ratings (submission_id, url, username, rating) VALUES ('101', '/data/Study Guide Test 1', 'timework', '3');
INSERT INTO ratings (submission_id, url, username, rating) VALUES ('101', '/data/Study Guide Test 1', 'satinet', '4');
INSERT INTO ratings (submission_id, url, username, rating) VALUES ('102', '/data/Practice Test', 'marigolda', '2');
INSERT INTO ratings (submission_id, url, username, rating) VALUES ('103', '/data/HW 3', 'woodley', '3');
INSERT INTO ratings (submission_id, url, username, rating) VALUES ('103', '/data/HW 3', 'roux', '3');
INSERT INTO ratings (submission_id, url, username, rating) VALUES ('104', '/data/Study Guide Test 1', 'wisniewski', '3');
INSERT INTO ratings (submission_id, url, username, rating) VALUES ('105', '/data/Practice Test', 'wisniewski', '1');
INSERT INTO ratings (submission_id, url, username, rating) VALUES ('106', '/data/HW 5', 'dodger', '5');
INSERT INTO ratings (submission_id, url, username, rating) VALUES ('106', '/data/HW 5', 'benghazi', '4');
INSERT INTO ratings (submission_id, url, username, rating) VALUES ('106', '/data/HW 5', 'cutwater', '4');
INSERT INTO ratings (submission_id, url, username, rating) VALUES ('107', '/data/All HW', 'bangor', '2');
INSERT INTO ratings (submission_id, url, username, rating) VALUES ('107', '/data/All HW', 'roux', '1');
INSERT INTO ratings (submission_id, url, username, rating) VALUES ('108', '/data/Practice Test', 'spriggs', '5');
INSERT INTO ratings (submission_id, url, username, rating) VALUES ('108', '/data/Practice Test', 'woodley', '4');
INSERT INTO ratings (submission_id, url, username, rating) VALUES ('108', '/data/Practice Test', 'aegaeon', '2');
INSERT INTO ratings (submission_id, url, username, rating) VALUES ('109', '/data/All HW', 'roux', '5');
INSERT INTO ratings (submission_id, url, username, rating) VALUES ('109', '/data/All HW', 'attar', '2');
INSERT INTO ratings (submission_id, url, username, rating) VALUES ('109', '/data/All HW', 'timework', '5');
INSERT INTO ratings (submission_id, url, username, rating) VALUES ('110', '/data/HW 2', 'cadge', '5');
INSERT INTO ratings (submission_id, url, username, rating) VALUES ('110', '/data/HW 2', 'woodley', '5');
INSERT INTO ratings (submission_id, url, username, rating) VALUES ('110', '/data/HW 2', 'sunstroke', '5');
INSERT INTO ratings (submission_id, url, username, rating) VALUES ('111', '/data/HW 3', 'wisniewski', '3');
INSERT INTO ratings (submission_id, url, username, rating) VALUES ('112', '/data/HW0-10', 'alrich', '1');
INSERT INTO ratings (submission_id, url, username, rating) VALUES ('112', '/data/HW0-10', 'punster', '1');
INSERT INTO ratings (submission_id, url, username, rating) VALUES ('112', '/data/HW0-10', 'satinet', '2');
INSERT INTO ratings (submission_id, url, username, rating) VALUES ('113', '/data/HW 2', 'dressy', '4');
INSERT INTO ratings (submission_id, url, username, rating) VALUES ('113', '/data/HW 2', 'aegaeon', '3');
INSERT INTO ratings (submission_id, url, username, rating) VALUES ('114', '/data/HW 1', 'funda', '5');
INSERT INTO ratings (submission_id, url, username, rating) VALUES ('115', '/data/Study Guide Test 3', 'woodley', '2');
INSERT INTO ratings (submission_id, url, username, rating) VALUES ('115', '/data/Study Guide Test 3', 'sizeable', '1');
INSERT INTO ratings (submission_id, url, username, rating) VALUES ('116', '/data/HW 4', 'funda', '5');
INSERT INTO ratings (submission_id, url, username, rating) VALUES ('116', '/data/HW 4', 'strother', '1');
INSERT INTO ratings (submission_id, url, username, rating) VALUES ('117', '/data/HW0-10', 'inhibit', '2');
INSERT INTO ratings (submission_id, url, username, rating) VALUES ('117', '/data/HW0-10', 'marigolda', '3');
INSERT INTO ratings (submission_id, url, username, rating) VALUES ('118', '/data/Study Guide Test 1', 'serviceman', '5');
INSERT INTO ratings (submission_id, url, username, rating) VALUES ('118', '/data/Study Guide Test 1', 'inhibit', '1');
INSERT INTO ratings (submission_id, url, username, rating) VALUES ('118', '/data/Study Guide Test 1', 'been', '1');
INSERT INTO ratings (submission_id, url, username, rating) VALUES ('119', '/data/HW 6', 'attar', '2');
INSERT INTO ratings (submission_id, url, username, rating) VALUES ('119', '/data/HW 6', 'tarkington', '3');
INSERT INTO ratings (submission_id, url, username, rating) VALUES ('119', '/data/HW 6', 'graviton', '1');
INSERT INTO ratings (submission_id, url, username, rating) VALUES ('120', '/data/HW 3', 'blackstock', '2');
INSERT INTO ratings (submission_id, url, username, rating) VALUES ('120', '/data/HW 3', 'bangor', '2');
INSERT INTO ratings (submission_id, url, username, rating) VALUES ('121', '/data/HW 2', 'benghazi', '1');
INSERT INTO ratings (submission_id, url, username, rating) VALUES ('121', '/data/HW 2', 'alrich', '1');
INSERT INTO ratings (submission_id, url, username, rating) VALUES ('122', '/data/Study Guide Test 1', 'dodger', '4');
INSERT INTO ratings (submission_id, url, username, rating) VALUES ('122', '/data/Study Guide Test 1', 'bassett', '5');
INSERT INTO ratings (submission_id, url, username, rating) VALUES ('123', '/data/Study Guide Test 1', 'cutwater', '4');
INSERT INTO ratings (submission_id, url, username, rating) VALUES ('123', '/data/Study Guide Test 1', 'dodger', '5');
INSERT INTO ratings (submission_id, url, username, rating) VALUES ('123', '/data/Study Guide Test 1', 'vanvanadate', '5');
INSERT INTO ratings (submission_id, url, username, rating) VALUES ('124', '/data/Study Guide Test 1', 'satinet', '1');
INSERT INTO ratings (submission_id, url, username, rating) VALUES ('125', '/data/Study Guide Test 3', 'victor', '5');
INSERT INTO ratings (submission_id, url, username, rating) VALUES ('125', '/data/Study Guide Test 3', 'woodley', '5');
INSERT INTO ratings (submission_id, url, username, rating) VALUES ('125', '/data/Study Guide Test 3', 'sunstroke', '2');
INSERT INTO ratings (submission_id, url, username, rating) VALUES ('126', '/data/HW 2', 'blackstock', '4');
INSERT INTO ratings (submission_id, url, username, rating) VALUES ('127', '/data/Study Guide Test 1', 'inhibit', '1');
INSERT INTO ratings (submission_id, url, username, rating) VALUES ('127', '/data/Study Guide Test 1', 'timework', '4');
INSERT INTO ratings (submission_id, url, username, rating) VALUES ('128', '/data/HW 3', 'totally', '2');
INSERT INTO ratings (submission_id, url, username, rating) VALUES ('128', '/data/HW 3', 'sennacherib', '1');
INSERT INTO ratings (submission_id, url, username, rating) VALUES ('128', '/data/HW 3', 'finding', '5');
INSERT INTO ratings (submission_id, url, username, rating) VALUES ('129', '/data/HW 1', 'dodger', '3');
INSERT INTO ratings (submission_id, url, username, rating) VALUES ('129', '/data/HW 1', 'roux', '3');
INSERT INTO ratings (submission_id, url, username, rating) VALUES ('130', '/data/HW 2', 'ambagious', '2');
INSERT INTO ratings (submission_id, url, username, rating) VALUES ('131', '/data/HW 2', 'fairleigh', '5');
INSERT INTO ratings (submission_id, url, username, rating) VALUES ('131', '/data/HW 2', 'dodger', '1');
INSERT INTO ratings (submission_id, url, username, rating) VALUES ('131', '/data/HW 2', 'lundin', '4');
INSERT INTO ratings (submission_id, url, username, rating) VALUES ('132', '/data/Study Guide Test 1', 'been', '2');
INSERT INTO ratings (submission_id, url, username, rating) VALUES ('132', '/data/Study Guide Test 1', 'finding', '5');
INSERT INTO ratings (submission_id, url, username, rating) VALUES ('132', '/data/Study Guide Test 1', 'sennacherib', '3');
INSERT INTO ratings (submission_id, url, username, rating) VALUES ('133', '/data/HW 6', 'inhibit', '3');
INSERT INTO ratings (submission_id, url, username, rating) VALUES ('134', '/data/Study Guide Test 3', 'sennacherib', '3');
INSERT INTO ratings (submission_id, url, username, rating) VALUES ('134', '/data/Study Guide Test 3', 'tarkington', '5');
INSERT INTO ratings (submission_id, url, username, rating) VALUES ('135', '/data/HW 2', 'respectful', '4');
INSERT INTO ratings (submission_id, url, username, rating) VALUES ('135', '/data/HW 2', 'bangor', '4');
INSERT INTO ratings (submission_id, url, username, rating) VALUES ('136', '/data/HW0-10', 'graviton', '5');
INSERT INTO ratings (submission_id, url, username, rating) VALUES ('136', '/data/HW0-10', 'roux', '5');
INSERT INTO ratings (submission_id, url, username, rating) VALUES ('136', '/data/HW0-10', 'dressy', '5');
INSERT INTO ratings (submission_id, url, username, rating) VALUES ('137', '/data/Practice Test', 'timework', '3');
INSERT INTO ratings (submission_id, url, username, rating) VALUES ('137', '/data/Practice Test', 'ambagious', '4');
INSERT INTO ratings (submission_id, url, username, rating) VALUES ('138', '/data/HW 5', 'benghazi', '5');
INSERT INTO ratings (submission_id, url, username, rating) VALUES ('138', '/data/HW 5', 'totally', '5');
INSERT INTO ratings (submission_id, url, username, rating) VALUES ('139', '/data/Study Guide Test 1', 'ambagious', '2');
INSERT INTO ratings (submission_id, url, username, rating) VALUES ('139', '/data/Study Guide Test 1', 'respectful', '4');
INSERT INTO ratings (submission_id, url, username, rating) VALUES ('139', '/data/Study Guide Test 1', 'cutwater', '2');
INSERT INTO ratings (submission_id, url, username, rating) VALUES ('140', '/data/HW 3', 'marigolda', '4');
INSERT INTO ratings (submission_id, url, username, rating) VALUES ('140', '/data/HW 3', 'tarkington', '5');
INSERT INTO ratings (submission_id, url, username, rating) VALUES ('140', '/data/HW 3', 'cutwater', '5');
INSERT INTO ratings (submission_id, url, username, rating) VALUES ('141', '/data/HW0-10', 'vanvanadate', '3');
INSERT INTO ratings (submission_id, url, username, rating) VALUES ('142', '/data/HW 3', 'sizeable', '2');
INSERT INTO ratings (submission_id, url, username, rating) VALUES ('142', '/data/HW 3', 'wisniewski', '4');
INSERT INTO ratings (submission_id, url, username, rating) VALUES ('142', '/data/HW 3', 'cutwater', '4');
INSERT INTO ratings (submission_id, url, username, rating) VALUES ('143', '/data/Study Guide Test 3', 'bangor', '1');
INSERT INTO ratings (submission_id, url, username, rating) VALUES ('143', '/data/Study Guide Test 3', 'lundin', '1');
INSERT INTO ratings (submission_id, url, username, rating) VALUES ('143', '/data/Study Guide Test 3', 'sizeable', '3');
INSERT INTO ratings (submission_id, url, username, rating) VALUES ('144', '/data/HW0-10', 'tarkington', '5');
INSERT INTO ratings (submission_id, url, username, rating) VALUES ('145', '/data/HW 1', 'sizeable', '4');
INSERT INTO ratings (submission_id, url, username, rating) VALUES ('145', '/data/HW 1', 'bassett', '2');
INSERT INTO ratings (submission_id, url, username, rating) VALUES ('146', '/data/HW 1', 'finding', '5');
INSERT INTO ratings (submission_id, url, username, rating) VALUES ('146', '/data/HW 1', 'dodger', '5');
INSERT INTO ratings (submission_id, url, username, rating) VALUES ('146', '/data/HW 1', 'marigolda', '1');
INSERT INTO ratings (submission_id, url, username, rating) VALUES ('147', '/data/HW 2', 'bassett', '1');
INSERT INTO ratings (submission_id, url, username, rating) VALUES ('148', '/data/HW 1', 'ambagious', '3');
INSERT INTO ratings (submission_id, url, username, rating) VALUES ('148', '/data/HW 1', 'sunstroke', '1');
INSERT INTO ratings (submission_id, url, username, rating) VALUES ('149', '/data/Study Guide Test 1', 'ambagious', '2');
INSERT INTO ratings (submission_id, url, username, rating) VALUES ('149', '/data/Study Guide Test 1', 'serles', '3');
INSERT INTO ratings (submission_id, url, username, rating) VALUES ('150', '/data/HW 3', 'inhibit', '2');
