SET foreign_key_checks = 0;
SET SQL_SAFE_UPDATES = 0;
delete from schools;
delete from users;
SET foreign_key_checks = 1;
INSERT INTO schools VALUES ('B04724', 'Widener University - Delaware Law School', '4601 Concord Pike', 'Wilmington', 'DE', '19803');
INSERT INTO schools VALUES ('001858', 'Divine Word College', '102 Jacoby Dr Sw-Po Box 380', 'Epworth', 'IA', '52045');
INSERT INTO schools VALUES ('003738', 'Southern Virginia University', 'One University Hill Drive', 'Buena Vista', 'VA', '24416');
INSERT INTO schools VALUES ('013039', 'South University', '709 Mall Blvd', 'Savannah', 'GA', '31406');
INSERT INTO schools VALUES ('032033', 'New York Institute Of Massage', '4701 Transit Road', 'Williamsville', 'NY', '14221');
INSERT INTO schools VALUES ('042822', 'New York Seminary (The)', '911 Mcdonald Avenue', 'Brooklyn', 'NY', '11218');
INSERT INTO users (username, hash, profile_img_url, student_flag, admin_flag) VALUES ('concerned', '9005741630350003494', 'profile_img/concerned', '0', '1');
INSERT INTO users (username, hash, profile_img_url, student_flag, admin_flag) VALUES ('decani', '-6738095605963684113', 'profile_img/decani', '1', '1');
INSERT INTO users (username, hash, profile_img_url, student_flag, admin_flag) VALUES ('martyrize', '-8243801427270653346', 'profile_img/martyrize', '1', '1');
INSERT INTO users (username, hash, profile_img_url, student_flag, admin_flag) VALUES ('nicely', '5984907508466800704', 'profile_img/nicely', '1', '0');
INSERT INTO users (username, hash, profile_img_url, student_flag, admin_flag) VALUES ('decollate', '-6825805995158670668', 'profile_img/decollate', '1', '0');
INSERT INTO users (username, hash, profile_img_url, student_flag, admin_flag) VALUES ('homeland', '7312206589678562647', 'profile_img/homeland', '1', '0');
INSERT INTO users (username, hash, profile_img_url, student_flag, admin_flag) VALUES ('montenegro', '-9079486531595552875', 'profile_img/montenegro', '1', '0');
INSERT INTO users (username, hash, profile_img_url, student_flag, admin_flag) VALUES ('quodlibet', '-7745833313050841475', 'profile_img/quodlibet', '1', '0');
INSERT INTO users (username, hash, profile_img_url, student_flag, admin_flag) VALUES ('jakejakes', '-210026834818001734', 'profile_img/jakejakes', '1', '0');
INSERT INTO users (username, hash, profile_img_url, student_flag, admin_flag) VALUES ('flunkey', '-6589182218624394839', 'profile_img/flunkey', '1', '0');
INSERT INTO users (username, hash, profile_img_url, student_flag, admin_flag) VALUES ('kine', '-6198658489913073868', 'profile_img/kine', '1', '0');
INSERT INTO users (username, hash, profile_img_url, student_flag, admin_flag) VALUES ('interlanguage', '-4423772184356413024', 'profile_img/interlanguage', '1', '0');
INSERT INTO users (username, hash, profile_img_url, student_flag, admin_flag) VALUES ('roughhouse', '-7474997881824103955', 'profile_img/roughhouse', '1', '0');
INSERT INTO users (username, hash, profile_img_url, student_flag, admin_flag) VALUES ('waiter', '6397189855924939740', 'profile_img/waiter', '1', '0');
INSERT INTO users (username, hash, profile_img_url, student_flag, admin_flag) VALUES ('blindstory', '7747772603324303958', 'profile_img/blindstory', '1', '0');
INSERT INTO users (username, hash, profile_img_url, student_flag, admin_flag) VALUES ('smallpox', '-9104846781756355361', 'profile_img/smallpox', '1', '0');
INSERT INTO users (username, hash, profile_img_url, student_flag, admin_flag) VALUES ('kommunarsk', '-8798856280324616467', 'profile_img/kommunarsk', '1', '0');
INSERT INTO users (username, hash, profile_img_url, student_flag, admin_flag) VALUES ('pouter', '5240137043980866835', 'profile_img/pouter', '1', '0');
INSERT INTO users (username, hash, profile_img_url, student_flag, admin_flag) VALUES ('miler', '-3746452203880997095', 'profile_img/miler', '1', '0');
INSERT INTO users (username, hash, profile_img_url, student_flag, admin_flag) VALUES ('kicker', '7050901695138231749', 'profile_img/kicker', '1', '0');
INSERT INTO users (username, hash, profile_img_url, student_flag, admin_flag) VALUES ('balikpapan', '-7379033514038651945', 'profile_img/balikpapan', '1', '0');
INSERT INTO users (username, hash, profile_img_url, student_flag, admin_flag) VALUES ('manager', '-6360160870374688200', 'profile_img/manager', '1', '0');
INSERT INTO users (username, hash, profile_img_url, student_flag, admin_flag) VALUES ('zamarripa', '809733900203805163', 'profile_img/zamarripa', '1', '0');
INSERT INTO users (username, hash, profile_img_url, student_flag, admin_flag) VALUES ('valueless', '6467121387668056302', 'profile_img/valueless', '1', '0');
INSERT INTO users (username, hash, profile_img_url, student_flag, admin_flag) VALUES ('dinorahdinosaur', '-2839678319600665555', 'profile_img/dinorahdinosaur', '1', '0');
INSERT INTO users (username, hash, profile_img_url, student_flag, admin_flag) VALUES ('jerejereld', '627204013537577749', 'profile_img/jerejereld', '1', '0');
INSERT INTO users (username, hash, profile_img_url, student_flag, admin_flag) VALUES ('claude', '5312278036415903939', 'profile_img/claude', '1', '0');
INSERT INTO users (username, hash, profile_img_url, student_flag, admin_flag) VALUES ('kariekaril', '6096405340939613355', 'profile_img/kariekaril', '1', '0');
INSERT INTO users (username, hash, profile_img_url, student_flag, admin_flag) VALUES ('uis', '-2617937706478454662', 'profile_img/uis', '1', '0');
INSERT INTO users (username, hash, profile_img_url, student_flag, admin_flag) VALUES ('tupler', '5149640298599232195', 'profile_img/tupler', '1', '0');
INSERT INTO users (username, hash, profile_img_url, student_flag, admin_flag) VALUES ('badger', '-9074707660496154450', 'profile_img/badger', '1', '0');
INSERT INTO users (username, hash, profile_img_url, student_flag, admin_flag) VALUES ('natal', '-6973001771437775187', 'profile_img/natal', '1', '0');
INSERT INTO users (username, hash, profile_img_url, student_flag, admin_flag) VALUES ('roddie', '3832342586554606155', 'profile_img/roddie', '1', '0');
INSERT INTO users (username, hash, profile_img_url, student_flag, admin_flag) VALUES ('scrappy', '-2031248896445780366', 'profile_img/scrappy', '1', '0');
INSERT INTO users (username, hash, profile_img_url, student_flag, admin_flag) VALUES ('arbil', '-2772376710108868596', 'profile_img/arbil', '1', '0');
INSERT INTO users (username, hash, profile_img_url, student_flag, admin_flag) VALUES ('hophead', '-2888217679827660490', 'profile_img/hophead', '1', '0');
INSERT INTO users (username, hash, profile_img_url, student_flag, admin_flag) VALUES ('lethia', '-6074728129639268424', 'profile_img/lethia', '1', '0');
INSERT INTO users (username, hash, profile_img_url, student_flag, admin_flag) VALUES ('culver', '-7262478542522463456', 'profile_img/culver', '1', '0');
INSERT INTO users (username, hash, profile_img_url, student_flag, admin_flag) VALUES ('undercroft', '1036236735234956764', 'profile_img/undercroft', '1', '0');
INSERT INTO users (username, hash, profile_img_url, student_flag, admin_flag) VALUES ('protasis', '4782787814638574245', 'profile_img/protasis', '1', '0');
INSERT INTO attends VALUES ('concerned', '003738');
INSERT INTO attends VALUES ('decani', 'B04724');
INSERT INTO attends VALUES ('martyrize', '001858');
INSERT INTO attends VALUES ('nicely', '013039');
INSERT INTO attends VALUES ('decollate', 'B04724');
INSERT INTO attends VALUES ('homeland', 'B04724');
INSERT INTO attends VALUES ('montenegro', '001858');
INSERT INTO attends VALUES ('quodlibet', '032033');
INSERT INTO attends VALUES ('jakejakes', '042822');
INSERT INTO attends VALUES ('flunkey', '042822');
INSERT INTO attends VALUES ('kine', '001858');
INSERT INTO attends VALUES ('interlanguage', '013039');
INSERT INTO attends VALUES ('roughhouse', 'B04724');
INSERT INTO attends VALUES ('waiter', 'B04724');
INSERT INTO attends VALUES ('blindstory', '042822');
INSERT INTO attends VALUES ('smallpox', '003738');
INSERT INTO attends VALUES ('kommunarsk', '042822');
INSERT INTO attends VALUES ('pouter', '001858');
INSERT INTO attends VALUES ('miler', 'B04724');
INSERT INTO attends VALUES ('kicker', '013039');
INSERT INTO attends VALUES ('balikpapan', '032033');
INSERT INTO attends VALUES ('manager', '013039');
INSERT INTO attends VALUES ('zamarripa', '013039');
INSERT INTO attends VALUES ('valueless', '032033');
INSERT INTO attends VALUES ('dinorahdinosaur', '003738');
INSERT INTO attends VALUES ('jerejereld', '001858');
INSERT INTO attends VALUES ('claude', '001858');
INSERT INTO attends VALUES ('kariekaril', '001858');
INSERT INTO attends VALUES ('uis', '032033');
INSERT INTO attends VALUES ('tupler', '032033');
INSERT INTO attends VALUES ('badger', '003738');
INSERT INTO attends VALUES ('natal', '042822');
INSERT INTO attends VALUES ('roddie', '003738');
INSERT INTO attends VALUES ('scrappy', '003738');
INSERT INTO attends VALUES ('arbil', '001858');
INSERT INTO attends VALUES ('hophead', '032033');
INSERT INTO attends VALUES ('lethia', '032033');
INSERT INTO attends VALUES ('culver', '001858');
INSERT INTO attends VALUES ('undercroft', '003738');
INSERT INTO attends VALUES ('protasis', '032033');
ALTER TABLE courses AUTO_INCREMENT = 1;
INSERT INTO courses (number, name, year, semester, professor, school) VALUES ('314', 'Digital Logic', '2013', 'Spring', 'Dr. Thomas', '032033');
INSERT INTO courses (number, name, year, semester, professor, school) VALUES ('229', 'Theory Of Computer Science', '2019', 'Spring', 'Dr. Myers', '003738');
INSERT INTO courses (number, name, year, semester, professor, school) VALUES ('261', 'Digital Logic', '2017', 'Spring', 'Dr. Rogers', '013039');
INSERT INTO courses (number, name, year, semester, professor, school) VALUES ('124', 'Structural Analysis', '2012', 'Fall', 'Dr. Bennett', '032033');
INSERT INTO courses (number, name, year, semester, professor, school) VALUES ('137', 'Ethics', '2010', 'Spring', 'Dr. Edwards', '013039');
INSERT INTO courses (number, name, year, semester, professor, school) VALUES ('497', 'Philosophy', '2010', 'Fall', 'Dr. Smith', 'B04724');
INSERT INTO courses (number, name, year, semester, professor, school) VALUES ('532', 'Cybersecurity', '2015', 'Spring', 'Dr. Henderson', 'B04724');
INSERT INTO courses (number, name, year, semester, professor, school) VALUES ('537', 'Electromagnetics', '2015', 'Fall', 'Dr. Powell', '042822');
INSERT INTO courses (number, name, year, semester, professor, school) VALUES ('341', 'Hydrologic Engineering', '2014', 'Fall', 'Dr. Peterson', '003738');
INSERT INTO courses (number, name, year, semester, professor, school) VALUES ('246', 'Structural Analysis', '2017', 'Fall', 'Dr. Torres', '003738');
INSERT INTO courses (number, name, year, semester, professor, school) VALUES ('111', 'Networking', '2013', 'Fall', 'Dr. Wallace', '013039');
INSERT INTO courses (number, name, year, semester, professor, school) VALUES ('252', 'Dancing', '2014', 'Fall', 'Dr. Barnes', '001858');
INSERT INTO courses (number, name, year, semester, professor, school) VALUES ('186', 'Linear Algebra', '2016', 'Spring', 'Dr. Perry', 'B04724');
INSERT INTO courses (number, name, year, semester, professor, school) VALUES ('365', 'Modern Algebra', '2014', 'Spring', 'Dr. Flores', '042822');
INSERT INTO courses (number, name, year, semester, professor, school) VALUES ('125', 'Physics', '2018', 'Spring', 'Dr. Patterson', '032033');
INSERT INTO courses (number, name, year, semester, professor, school) VALUES ('258', 'Dynamics', '2011', 'Fall', 'Dr. Hughes', '032033');
INSERT INTO courses (number, name, year, semester, professor, school) VALUES ('402', 'Data Structures', '2014', 'Spring', 'Dr. Carter', '013039');
INSERT INTO courses (number, name, year, semester, professor, school) VALUES ('298', 'Management', '2019', 'Fall', 'Dr. Flores', '003738');
INSERT INTO courses (number, name, year, semester, professor, school) VALUES ('102', 'Thermofluid Mechanics', '2019', 'Fall', 'Dr. Wallace', '001858');
INSERT INTO courses (number, name, year, semester, professor, school) VALUES ('306', 'Circuits', '2015', 'Spring', 'Dr. Simmons', 'B04724');
INSERT INTO courses (number, name, year, semester, professor, school) VALUES ('518', 'Algorithms', '2016', 'Fall', 'Dr. Perry', '042822');
INSERT INTO courses (number, name, year, semester, professor, school) VALUES ('428', 'Physics', '2016', 'Spring', 'Dr. Hall', 'B04724');
INSERT INTO courses (number, name, year, semester, professor, school) VALUES ('221', 'Drawing', '2013', 'Spring', 'Dr. Rogers', '032033');
INSERT INTO courses (number, name, year, semester, professor, school) VALUES ('408', 'Ethics', '2015', 'Spring', 'Dr. Ford', '003738');
INSERT INTO courses (number, name, year, semester, professor, school) VALUES ('319', 'Chemistry', '2016', 'Spring', 'Dr. Nelson', '003738');
INSERT INTO courses (number, name, year, semester, professor, school) VALUES ('497', 'Theory Of Computer Science', '2015', 'Fall', 'Dr. White', '001858');
INSERT INTO courses (number, name, year, semester, professor, school) VALUES ('441', 'Ethics', '2012', 'Spring', 'Dr. Martin', '003738');
INSERT INTO courses (number, name, year, semester, professor, school) VALUES ('448', 'Linear Algebra', '2015', 'Spring', 'Dr. Wood', '013039');
INSERT INTO courses (number, name, year, semester, professor, school) VALUES ('457', 'Biology', '2017', 'Spring', 'Dr. Martinez', '042822');
INSERT INTO courses (number, name, year, semester, professor, school) VALUES ('292', 'Calculus Ii', '2013', 'Spring', 'Dr. Patterson', '013039');
INSERT INTO courses (number, name, year, semester, professor, school) VALUES ('528', 'Calculus Ii', '2014', 'Fall', 'Dr. Hill', '042822');
INSERT INTO courses (number, name, year, semester, professor, school) VALUES ('400', 'Biology', '2014', 'Fall', 'Dr. Parker', '003738');
INSERT INTO courses (number, name, year, semester, professor, school) VALUES ('526', 'Electromagnetics', '2010', 'Fall', 'Dr. Howard', '032033');
INSERT INTO courses (number, name, year, semester, professor, school) VALUES ('509', 'Ecology', '2014', 'Spring', 'Dr. King', '013039');
INSERT INTO courses (number, name, year, semester, professor, school) VALUES ('480', 'Geology', '2015', 'Fall', 'Dr. King', '042822');
INSERT INTO courses (number, name, year, semester, professor, school) VALUES ('466', 'Ecology', '2013', 'Spring', 'Dr. Ramirez', '042822');
INSERT INTO courses (number, name, year, semester, professor, school) VALUES ('136', 'Cats', '2015', 'Fall', 'Dr. Anderson', '042822');
INSERT INTO courses (number, name, year, semester, professor, school) VALUES ('258', 'Cybersecurity', '2018', 'Spring', 'Dr. Howard', '032033');
INSERT INTO courses (number, name, year, semester, professor, school) VALUES ('101', 'Thermofluid Mechanics', '2017', 'Spring', 'Dr. Foster', '013039');
INSERT INTO courses (number, name, year, semester, professor, school) VALUES ('442', 'Aerodynamics', '2014', 'Spring', 'Dr. Anderson', '032033');
INSERT INTO courses (number, name, year, semester, professor, school) VALUES ('412', 'Management', '2010', 'Spring', 'Dr. Morgan', '013039');
INSERT INTO courses (number, name, year, semester, professor, school) VALUES ('179', 'Algorithms', '2017', 'Fall', 'Dr. Scott', 'B04724');
INSERT INTO courses (number, name, year, semester, professor, school) VALUES ('418', 'Electromagnetics', '2015', 'Spring', 'Dr. James', '001858');
INSERT INTO courses (number, name, year, semester, professor, school) VALUES ('354', 'Electromagnetics', '2013', 'Fall', 'Dr. Kelly', '013039');
INSERT INTO courses (number, name, year, semester, professor, school) VALUES ('264', 'Databases', '2018', 'Fall', 'Dr. Ross', '013039');
INSERT INTO courses (number, name, year, semester, professor, school) VALUES ('477', 'Structural Analysis', '2018', 'Fall', 'Dr. Carter', '032033');
INSERT INTO courses (number, name, year, semester, professor, school) VALUES ('440', 'Calculus Ii', '2015', 'Fall', 'Dr. Jackson', '013039');
INSERT INTO courses (number, name, year, semester, professor, school) VALUES ('135', 'Operating Systems', '2014', 'Fall', 'Dr. Ramirez', '003738');
INSERT INTO courses (number, name, year, semester, professor, school) VALUES ('423', 'Networking', '2014', 'Spring', 'Dr. Morgan', '032033');
INSERT INTO courses (number, name, year, semester, professor, school) VALUES ('150', 'Thermofluid Mechanics', '2013', 'Spring', 'Dr. Brown', '013039');
ALTER TABLE submissions AUTO_INCREMENT = 1;
INSERT INTO submissions (description, username, course_id) VALUES ('Euripidis sadipscing vel ei, modus percipit vis an, malis primis dissentias sed ei.', 'smallpox', '1');
INSERT INTO submissions (description, username, course_id) VALUES ('Lorem ipsum dolor sit amet, an qui velit noster malorum, has ne affert reprehendunt, est at essent diceret.', 'balikpapan', '1');
INSERT INTO submissions (description, username, course_id) VALUES ('Iisque epicuri eam an, mel ad unum antiopam deterruisset, probo evertitur nec at.', 'arbil', '1');
INSERT INTO submissions (description, username, course_id) VALUES ('Mel nisl molestie ex, at delectus voluptatum ius, ius cu veritus appareat.', 'martyrize', '2');
INSERT INTO submissions (description, username, course_id) VALUES ('Ne sea alienum oportere, quaestio partiendo teeum.', 'balikpapan', '2');
INSERT INTO submissions (description, username, course_id) VALUES ('His in oratio petentium.', 'flunkey', '2');
INSERT INTO submissions (description, username, course_id) VALUES ('Et sit cibo modus dissentiet, ex qui fugit incorrupte, eu sit adhuc salutandi principes.', 'kariekaril', '3');
INSERT INTO submissions (description, username, course_id) VALUES ('Atqui labores perpetua ad est, ne usu elit audiam instructior. In vim iusto utinam explicari.', 'blindstory', '3');
INSERT INTO submissions (description, username, course_id) VALUES ('Et sit cibo modus dissentiet, ex qui fugit incorrupte, eu sit adhuc salutandi principes.', 'kariekaril', '3');
INSERT INTO submissions (description, username, course_id) VALUES ('Per possit appetere suavitate no, pri te vidit timeam. Detracto albucius definitionem ei nec, id timeam complectitur duo.', 'jerejereld', '4');
INSERT INTO submissions (description, username, course_id) VALUES ('Iisque epicuri eam an, mel ad unum antiopam deterruisset, probo evertitur nec at.', 'zamarripa', '4');
INSERT INTO submissions (description, username, course_id) VALUES ('Atqui labores perpetua ad est, ne usu elit audiam instructior. In vim iusto utinam explicari.', 'balikpapan', '4');
INSERT INTO submissions (description, username, course_id) VALUES ('Sed maiorum constituto ea, sed at vocibus abhorreant argumentum. Vel ea nonumy contentiones, posse audiam albucius mel ut, ancillae neglegentur his an.', 'blindstory', '5');
INSERT INTO submissions (description, username, course_id) VALUES ('Id est sumo hinc. Detraxit abhorreant pro eu, et consul feugait mnesarchum qui, civibus cotidieque necessitatibus exmea.', 'lethia', '5');
INSERT INTO submissions (description, username, course_id) VALUES ('Usu autem omittam no.', 'valueless', '5');
INSERT INTO submissions (description, username, course_id) VALUES ('Habemus fuisset et vis. Purto elit qui no, in ius movet dicit. In dolore fierent epicurei mea. Sit ne omnes ancillae, mea no erat suscipiantur.', 'kine', '6');
INSERT INTO submissions (description, username, course_id) VALUES ('At per augue incorrupte deterruisset, habeo eleifend ex sea, zril aliquam intellegam eam at.', 'dinorahdinosaur', '6');
INSERT INTO submissions (description, username, course_id) VALUES ('Facete labitur fabulas te his, ad esse summo definiebas ius.', 'tupler', '6');
INSERT INTO submissions (description, username, course_id) VALUES ('An nostro discere veritus eum, in iusto ornatus periculis has, ea enim singulis pri.', 'jakejakes', '7');
INSERT INTO submissions (description, username, course_id) VALUES ('Ne qui dicat placerat platonem, atqui veniam necessitatibus et usu. Ut sea atqui etiam sensibus.', 'nicely', '7');
INSERT INTO submissions (description, username, course_id) VALUES ('Eu justo docendi mea, mel principes referrentur id. Possit detraxit mea cu, eu has prima propriae.', 'kariekaril', '7');
INSERT INTO submissions (description, username, course_id) VALUES ('Mea id sint summo pertinax, idque exerci his ad.', 'arbil', '8');
INSERT INTO submissions (description, username, course_id) VALUES ('Partiendo molestiae temporibus per in, tantas democritum definitiones ei pro.', 'lethia', '8');
INSERT INTO submissions (description, username, course_id) VALUES ('Id est sumo hinc. Detraxit abhorreant pro eu, et consul feugait mnesarchum qui, civibus cotidieque necessitatibus exmea.', 'scrappy', '8');
INSERT INTO submissions (description, username, course_id) VALUES ('An nec primis quaeque maluisset, sed doctus tincidunt reformidans an.', 'kariekaril', '9');
INSERT INTO submissions (description, username, course_id) VALUES ('Ne sea alienum oportere, quaestio partiendo teeum.', 'valueless', '9');
INSERT INTO submissions (description, username, course_id) VALUES ('Partiendo molestiae temporibus per in, tantas democritum definitiones ei pro.', 'dinorahdinosaur', '9');
INSERT INTO submissions (description, username, course_id) VALUES ('Pro at postea vivendum argumentum.', 'kicker', '10');
INSERT INTO submissions (description, username, course_id) VALUES ('Id est sumo hinc. Detraxit abhorreant pro eu, et consul feugait mnesarchum qui, civibus cotidieque necessitatibus exmea.', 'lethia', '10');
INSERT INTO submissions (description, username, course_id) VALUES ('Eu justo docendi mea, mel principes referrentur id. Possit detraxit mea cu, eu has prima propriae.', 'concerned', '10');
INSERT INTO submissions (description, username, course_id) VALUES ('Eu justo docendi mea, mel principes referrentur id. Possit detraxit mea cu, eu has prima propriae.', 'undercroft', '11');
INSERT INTO submissions (description, username, course_id) VALUES ('Iudico tacimates temporibus ea eos, choro eligendi tincidunt in cum.', 'zamarripa', '11');
INSERT INTO submissions (description, username, course_id) VALUES ('Iisque epicuri eam an, mel ad unum antiopam deterruisset, probo evertitur nec at.', 'hophead', '11');
INSERT INTO submissions (description, username, course_id) VALUES ('Vel equidem platonem convenire ut, et mel cibo petentium, ius te simul delicatissimi.', 'arbil', '12');
INSERT INTO submissions (description, username, course_id) VALUES ('At consequuntur necessitatibus per, vitae tollit ea pri, percipit molestiae voluptatum no has.', 'undercroft', '12');
INSERT INTO submissions (description, username, course_id) VALUES ('Nam eu saepe delenit, at nam quem splendide evertitur. At modo posse regione per. Duo augue viris ne, velit equidem convenire te pro.', 'hophead', '12');
INSERT INTO submissions (description, username, course_id) VALUES ('Mel nisl molestie ex, at delectus voluptatum ius, ius cu veritus appareat.', 'miler', '13');
INSERT INTO submissions (description, username, course_id) VALUES ('Ne nulla libris deterruisset eam, maiorum facilisi an duo.', 'arbil', '13');
INSERT INTO submissions (description, username, course_id) VALUES ('Pro case tacimates honestatis et, graeci cetero evertitur nec in. Est et eripuit volumus, legendos facilisis vel at.', 'kommunarsk', '13');
INSERT INTO submissions (description, username, course_id) VALUES ('Paulo rationibus ex mea, ex feugait percipitur scripserit quo.', 'claude', '14');
INSERT INTO submissions (description, username, course_id) VALUES ('Has elitr saepe urbanitas ei, et mundi quodsi nostrud sed.', 'martyrize', '14');
INSERT INTO submissions (description, username, course_id) VALUES ('Lorem ipsum dolor sit amet, an qui velit noster malorum, has ne affert reprehendunt, est at essent diceret.', 'roughhouse', '14');
INSERT INTO submissions (description, username, course_id) VALUES ('Ne nulla libris deterruisset eam, maiorum facilisi an duo.', 'hophead', '15');
INSERT INTO submissions (description, username, course_id) VALUES ('Euripidis sadipscing vel ei, modus percipit vis an, malis primis dissentias sed ei.', 'scrappy', '15');
INSERT INTO submissions (description, username, course_id) VALUES ('Iisque epicuri eam an, mel ad unum antiopam deterruisset, probo evertitur nec at.', 'quodlibet', '15');
INSERT INTO submissions (description, username, course_id) VALUES ('Has elitr saepe urbanitas ei, et mundi quodsi nostrud sed.', 'decollate', '16');
INSERT INTO submissions (description, username, course_id) VALUES ('Facete labitur fabulas te his, ad esse summo definiebas ius.', 'pouter', '16');
INSERT INTO submissions (description, username, course_id) VALUES ('Usu autem omittam no.', 'scrappy', '16');
INSERT INTO submissions (description, username, course_id) VALUES ('Ne nulla libris deterruisset eam, maiorum facilisi an duo.', 'montenegro', '17');
INSERT INTO submissions (description, username, course_id) VALUES ('Lorem ipsum dolor sit amet, an qui velit noster malorum, has ne affert reprehendunt, est at essent diceret.', 'uis', '17');
INSERT INTO submissions (description, username, course_id) VALUES ('Vel equidem platonem convenire ut, et mel cibo petentium, ius te simul delicatissimi.', 'roughhouse', '17');
INSERT INTO submissions (description, username, course_id) VALUES ('An nec primis quaeque maluisset, sed doctus tincidunt reformidans an.', 'roddie', '18');
INSERT INTO submissions (description, username, course_id) VALUES ('Facete labitur fabulas te his, ad esse summo definiebas ius.', 'balikpapan', '18');
INSERT INTO submissions (description, username, course_id) VALUES ('Atqui labores perpetua ad est, ne usu elit audiam instructior. In vim iusto utinam explicari.', 'jakejakes', '18');
INSERT INTO submissions (description, username, course_id) VALUES ('At consequuntur necessitatibus per, vitae tollit ea pri, percipit molestiae voluptatum no has.', 'kicker', '19');
INSERT INTO submissions (description, username, course_id) VALUES ('Vel equidem platonem convenire ut, et mel cibo petentium, ius te simul delicatissimi.', 'miler', '19');
INSERT INTO submissions (description, username, course_id) VALUES ('Vel equidem platonem convenire ut, et mel cibo petentium, ius te simul delicatissimi.', 'waiter', '19');
INSERT INTO submissions (description, username, course_id) VALUES ('At per augue incorrupte deterruisset, habeo eleifend ex sea, zril aliquam intellegam eam at.', 'decani', '20');
INSERT INTO submissions (description, username, course_id) VALUES ('Eu justo docendi mea, mel principes referrentur id. Possit detraxit mea cu, eu has prima propriae.', 'arbil', '20');
INSERT INTO submissions (description, username, course_id) VALUES ('Iudico tacimates temporibus ea eos, choro eligendi tincidunt in cum.', 'kine', '20');
INSERT INTO submissions (description, username, course_id) VALUES ('Facete labitur fabulas te his, ad esse summo definiebas ius.', 'homeland', '21');
INSERT INTO submissions (description, username, course_id) VALUES ('Usu autem omittam no.', 'kariekaril', '21');
INSERT INTO submissions (description, username, course_id) VALUES ('Et sit cibo modus dissentiet, ex qui fugit incorrupte, eu sit adhuc salutandi principes.', 'hophead', '21');
INSERT INTO submissions (description, username, course_id) VALUES ('Pro case tacimates honestatis et, graeci cetero evertitur nec in. Est et eripuit volumus, legendos facilisis vel at.', 'manager', '22');
INSERT INTO submissions (description, username, course_id) VALUES ('Eum ea quas feugiat vivendo, inermis recteque scripserit mel eu.', 'kariekaril', '22');
INSERT INTO submissions (description, username, course_id) VALUES ('Partiendo molestiae temporibus per in, tantas democritum definitiones ei pro.', 'pouter', '22');
INSERT INTO submissions (description, username, course_id) VALUES ('Mei ea patrioque voluptaria, in eum melius tractatos adversarium.', 'concerned', '23');
INSERT INTO submissions (description, username, course_id) VALUES ('Per possit appetere suavitate no, pri te vidit timeam. Detracto albucius definitionem ei nec, id timeam complectitur duo.', 'manager', '23');
INSERT INTO submissions (description, username, course_id) VALUES ('Habemus fuisset et vis. Purto elit qui no, in ius movet dicit. In dolore fierent epicurei mea. Sit ne omnes ancillae, mea no erat suscipiantur.', 'concerned', '23');
INSERT INTO submissions (description, username, course_id) VALUES ('Ne qui dicat placerat platonem, atqui veniam necessitatibus et usu. Ut sea atqui etiam sensibus.', 'flunkey', '24');
INSERT INTO submissions (description, username, course_id) VALUES ('Euripidis sadipscing vel ei, modus percipit vis an, malis primis dissentias sed ei.', 'martyrize', '24');
INSERT INTO submissions (description, username, course_id) VALUES ('Mei ea patrioque voluptaria, in eum melius tractatos adversarium.', 'smallpox', '24');
INSERT INTO submissions (description, username, course_id) VALUES ('Id est sumo hinc. Detraxit abhorreant pro eu, et consul feugait mnesarchum qui, civibus cotidieque necessitatibus exmea.', 'jakejakes', '25');
INSERT INTO submissions (description, username, course_id) VALUES ('Ne qui dicat placerat platonem, atqui veniam necessitatibus et usu. Ut sea atqui etiam sensibus.', 'martyrize', '25');
INSERT INTO submissions (description, username, course_id) VALUES ('Id est sumo hinc. Detraxit abhorreant pro eu, et consul feugait mnesarchum qui, civibus cotidieque necessitatibus exmea.', 'martyrize', '25');
INSERT INTO submissions (description, username, course_id) VALUES ('Ne sea alienum oportere, quaestio partiendo teeum.', 'claude', '26');
INSERT INTO submissions (description, username, course_id) VALUES ('Iisque epicuri eam an, mel ad unum antiopam deterruisset, probo evertitur nec at.', 'martyrize', '26');
INSERT INTO submissions (description, username, course_id) VALUES ('Facete labitur fabulas te his, ad esse summo definiebas ius.', 'blindstory', '26');
INSERT INTO submissions (description, username, course_id) VALUES ('Mel nisl molestie ex, at delectus voluptatum ius, ius cu veritus appareat.', 'decollate', '27');
INSERT INTO submissions (description, username, course_id) VALUES ('Summo phaedrum ei eum, quaeque fastidii est cu. Meliore officiis ei eos, sed essent aperiri probatus id.', 'kommunarsk', '27');
INSERT INTO submissions (description, username, course_id) VALUES ('Lorem ipsum dolor sit amet, an qui velit noster malorum, has ne affert reprehendunt, est at essent diceret.', 'roughhouse', '27');
INSERT INTO submissions (description, username, course_id) VALUES ('An nec primis quaeque maluisset, sed doctus tincidunt reformidans an.', 'dinorahdinosaur', '28');
INSERT INTO submissions (description, username, course_id) VALUES ('Per possit appetere suavitate no, pri te vidit timeam. Detracto albucius definitionem ei nec, id timeam complectitur duo.', 'kicker', '28');
INSERT INTO submissions (description, username, course_id) VALUES ('Atqui labores perpetua ad est, ne usu elit audiam instructior. In vim iusto utinam explicari.', 'valueless', '28');
INSERT INTO submissions (description, username, course_id) VALUES ('Vel equidem platonem convenire ut, et mel cibo petentium, ius te simul delicatissimi.', 'concerned', '29');
INSERT INTO submissions (description, username, course_id) VALUES ('Per possit appetere suavitate no, pri te vidit timeam. Detracto albucius definitionem ei nec, id timeam complectitur duo.', 'undercroft', '29');
INSERT INTO submissions (description, username, course_id) VALUES ('Eu justo docendi mea, mel principes referrentur id. Possit detraxit mea cu, eu has prima propriae.', 'hophead', '29');
INSERT INTO submissions (description, username, course_id) VALUES ('Sed maiorum constituto ea, sed at vocibus abhorreant argumentum. Vel ea nonumy contentiones, posse audiam albucius mel ut, ancillae neglegentur his an.', 'miler', '30');
INSERT INTO submissions (description, username, course_id) VALUES ('Iisque epicuri eam an, mel ad unum antiopam deterruisset, probo evertitur nec at.', 'uis', '30');
INSERT INTO submissions (description, username, course_id) VALUES ('Atqui labores perpetua ad est, ne usu elit audiam instructior. In vim iusto utinam explicari.', 'kicker', '30');
INSERT INTO submissions (description, username, course_id) VALUES ('Te vis discere alterum prodesset, eam te mucius sententiae, mel unum natum commodo ut.', 'scrappy', '31');
INSERT INTO submissions (description, username, course_id) VALUES ('Eum ea quas feugiat vivendo, inermis recteque scripserit mel eu.', 'hophead', '31');
INSERT INTO submissions (description, username, course_id) VALUES ('Iisque epicuri eam an, mel ad unum antiopam deterruisset, probo evertitur nec at.', 'miler', '31');
INSERT INTO submissions (description, username, course_id) VALUES ('Mea id sint summo pertinax, idque exerci his ad.', 'miler', '32');
INSERT INTO submissions (description, username, course_id) VALUES ('Lorem ipsum dolor sit amet, an qui velit noster malorum, has ne affert reprehendunt, est at essent diceret.', 'balikpapan', '32');
INSERT INTO submissions (description, username, course_id) VALUES ('Clita putent offendit ei nam, pro at nulla nobis. In unum antiopam dissentias vim.', 'claude', '32');
INSERT INTO submissions (description, username, course_id) VALUES ('Ne sea alienum oportere, quaestio partiendo teeum.', 'badger', '33');
INSERT INTO submissions (description, username, course_id) VALUES ('Partiendo molestiae temporibus per in, tantas democritum definitiones ei pro.', 'dinorahdinosaur', '33');
INSERT INTO submissions (description, username, course_id) VALUES ('Iisque epicuri eam an, mel ad unum antiopam deterruisset, probo evertitur nec at.', 'flunkey', '33');
INSERT INTO submissions (description, username, course_id) VALUES ('Vim erant senserit voluptatum id, no vim stet summo.', 'jakejakes', '34');
INSERT INTO submissions (description, username, course_id) VALUES ('Ne qui dicat placerat platonem, atqui veniam necessitatibus et usu. Ut sea atqui etiam sensibus.', 'decollate', '34');
INSERT INTO submissions (description, username, course_id) VALUES ('Euripidis sadipscing vel ei, modus percipit vis an, malis primis dissentias sed ei.', 'jerejereld', '34');
INSERT INTO submissions (description, username, course_id) VALUES ('Euripidis sadipscing vel ei, modus percipit vis an, malis primis dissentias sed ei.', 'montenegro', '35');
INSERT INTO submissions (description, username, course_id) VALUES ('Has elitr saepe urbanitas ei, et mundi quodsi nostrud sed.', 'jerejereld', '35');
INSERT INTO submissions (description, username, course_id) VALUES ('Vim erant senserit voluptatum id, no vim stet summo.', 'balikpapan', '35');
INSERT INTO submissions (description, username, course_id) VALUES ('Ne qui dicat placerat platonem, atqui veniam necessitatibus et usu. Ut sea atqui etiam sensibus.', 'miler', '36');
INSERT INTO submissions (description, username, course_id) VALUES ('Nam eu saepe delenit, at nam quem splendide evertitur. At modo posse regione per. Duo augue viris ne, velit equidem convenire te pro.', 'flunkey', '36');
INSERT INTO submissions (description, username, course_id) VALUES ('Euripidis sadipscing vel ei, modus percipit vis an, malis primis dissentias sed ei.', 'valueless', '36');
INSERT INTO submissions (description, username, course_id) VALUES ('At consequuntur necessitatibus per, vitae tollit ea pri, percipit molestiae voluptatum no has.', 'waiter', '37');
INSERT INTO submissions (description, username, course_id) VALUES ('Iudico tacimates temporibus ea eos, choro eligendi tincidunt in cum.', 'roddie', '37');
INSERT INTO submissions (description, username, course_id) VALUES ('Summo phaedrum ei eum, quaeque fastidii est cu. Meliore officiis ei eos, sed essent aperiri probatus id.', 'undercroft', '37');
INSERT INTO submissions (description, username, course_id) VALUES ('Iisque epicuri eam an, mel ad unum antiopam deterruisset, probo evertitur nec at.', 'culver', '38');
INSERT INTO submissions (description, username, course_id) VALUES ('Eu cum regione dissentiet, at eos quodsi discere quaestio.', 'zamarripa', '38');
INSERT INTO submissions (description, username, course_id) VALUES ('Paulo rationibus ex mea, ex feugait percipitur scripserit quo.', 'scrappy', '38');
INSERT INTO submissions (description, username, course_id) VALUES ('Has elitr saepe urbanitas ei, et mundi quodsi nostrud sed.', 'blindstory', '39');
INSERT INTO submissions (description, username, course_id) VALUES ('Pro case tacimates honestatis et, graeci cetero evertitur nec in. Est et eripuit volumus, legendos facilisis vel at.', 'jakejakes', '39');
INSERT INTO submissions (description, username, course_id) VALUES ('Usu autem omittam no.', 'lethia', '39');
INSERT INTO submissions (description, username, course_id) VALUES ('Clita putent offendit ei nam, pro at nulla nobis. In unum antiopam dissentias vim.', 'roddie', '40');
INSERT INTO submissions (description, username, course_id) VALUES ('Usu autem omittam no.', 'kine', '40');
INSERT INTO submissions (description, username, course_id) VALUES ('Mei ea patrioque voluptaria, in eum melius tractatos adversarium.', 'concerned', '40');
INSERT INTO submissions (description, username, course_id) VALUES ('Euripidis sadipscing vel ei, modus percipit vis an, malis primis dissentias sed ei.', 'protasis', '41');
INSERT INTO submissions (description, username, course_id) VALUES ('Lorem ipsum dolor sit amet, an qui velit noster malorum, has ne affert reprehendunt, est at essent diceret.', 'decani', '41');
INSERT INTO submissions (description, username, course_id) VALUES ('Ne sea alienum oportere, quaestio partiendo teeum.', 'flunkey', '41');
INSERT INTO submissions (description, username, course_id) VALUES ('Partiendo molestiae temporibus per in, tantas democritum definitiones ei pro.', 'kine', '42');
INSERT INTO submissions (description, username, course_id) VALUES ('Mel nisl molestie ex, at delectus voluptatum ius, ius cu veritus appareat.', 'badger', '42');
INSERT INTO submissions (description, username, course_id) VALUES ('Paulo rationibus ex mea, ex feugait percipitur scripserit quo.', 'zamarripa', '42');
INSERT INTO submissions (description, username, course_id) VALUES ('Paulo rationibus ex mea, ex feugait percipitur scripserit quo.', 'dinorahdinosaur', '43');
INSERT INTO submissions (description, username, course_id) VALUES ('Summo phaedrum ei eum, quaeque fastidii est cu. Meliore officiis ei eos, sed essent aperiri probatus id.', 'protasis', '43');
INSERT INTO submissions (description, username, course_id) VALUES ('Nam eu saepe delenit, at nam quem splendide evertitur. At modo posse regione per. Duo augue viris ne, velit equidem convenire te pro.', 'claude', '43');
INSERT INTO submissions (description, username, course_id) VALUES ('An nec primis quaeque maluisset, sed doctus tincidunt reformidans an.', 'quodlibet', '44');
INSERT INTO submissions (description, username, course_id) VALUES ('At per augue incorrupte deterruisset, habeo eleifend ex sea, zril aliquam intellegam eam at.', 'badger', '44');
INSERT INTO submissions (description, username, course_id) VALUES ('Euripidis sadipscing vel ei, modus percipit vis an, malis primis dissentias sed ei.', 'concerned', '44');
INSERT INTO submissions (description, username, course_id) VALUES ('Atqui labores perpetua ad est, ne usu elit audiam instructior. In vim iusto utinam explicari.', 'valueless', '45');
INSERT INTO submissions (description, username, course_id) VALUES ('Eu justo docendi mea, mel principes referrentur id. Possit detraxit mea cu, eu has prima propriae.', 'quodlibet', '45');
INSERT INTO submissions (description, username, course_id) VALUES ('Id est sumo hinc. Detraxit abhorreant pro eu, et consul feugait mnesarchum qui, civibus cotidieque necessitatibus exmea.', 'kicker', '45');
INSERT INTO submissions (description, username, course_id) VALUES ('Quo in vero rationibus, ut facer tritani nec, cu tempor putant accusamus vix.', 'jakejakes', '46');
INSERT INTO submissions (description, username, course_id) VALUES ('Pro case tacimates honestatis et, graeci cetero evertitur nec in. Est et eripuit volumus, legendos facilisis vel at.', 'dinorahdinosaur', '46');
INSERT INTO submissions (description, username, course_id) VALUES ('At consequuntur necessitatibus per, vitae tollit ea pri, percipit molestiae voluptatum no has.', 'montenegro', '46');
INSERT INTO submissions (description, username, course_id) VALUES ('Ne qui dicat placerat platonem, atqui veniam necessitatibus et usu. Ut sea atqui etiam sensibus.', 'protasis', '47');
INSERT INTO submissions (description, username, course_id) VALUES ('Te vis discere alterum prodesset, eam te mucius sententiae, mel unum natum commodo ut.', 'arbil', '47');
INSERT INTO submissions (description, username, course_id) VALUES ('Te vis discere alterum prodesset, eam te mucius sententiae, mel unum natum commodo ut.', 'scrappy', '47');
INSERT INTO submissions (description, username, course_id) VALUES ('Eu justo docendi mea, mel principes referrentur id. Possit detraxit mea cu, eu has prima propriae.', 'manager', '48');
INSERT INTO submissions (description, username, course_id) VALUES ('Atqui labores perpetua ad est, ne usu elit audiam instructior. In vim iusto utinam explicari.', 'quodlibet', '48');
INSERT INTO submissions (description, username, course_id) VALUES ('Vim erant senserit voluptatum id, no vim stet summo.', 'culver', '48');
INSERT INTO submissions (description, username, course_id) VALUES ('At consequuntur necessitatibus per, vitae tollit ea pri, percipit molestiae voluptatum no has.', 'kommunarsk', '49');
INSERT INTO submissions (description, username, course_id) VALUES ('His in oratio petentium.', 'zamarripa', '49');
INSERT INTO submissions (description, username, course_id) VALUES ('Quo in vero rationibus, ut facer tritani nec, cu tempor putant accusamus vix.', 'jerejereld', '49');
INSERT INTO submissions (description, username, course_id) VALUES ('An nec primis quaeque maluisset, sed doctus tincidunt reformidans an.', 'claude', '50');
INSERT INTO submissions (description, username, course_id) VALUES ('Paulo rationibus ex mea, ex feugait percipitur scripserit quo.', 'miler', '50');
INSERT INTO submissions (description, username, course_id) VALUES ('An nostro discere veritus eum, in iusto ornatus periculis has, ea enim singulis pri.', 'pouter', '50');
INSERT INTO content (submission_id, url, filename) VALUES ('1', '60e999ba3e273ed36f6527f6cb7c7ecd', 'HW0-10');
INSERT INTO content (submission_id, url, filename) VALUES ('2', '8c025dde8ae6fb41ff1560a197ee198b', 'HW 2');
INSERT INTO content (submission_id, url, filename) VALUES ('3', '8c025dde8ae6fb41ff1560a197ee198b', 'Study Guide Test 1');
INSERT INTO content (submission_id, url, filename) VALUES ('4', '8c025dde8ae6fb41ff1560a197ee198b', 'Study Guide Test 3');
INSERT INTO content (submission_id, url, filename) VALUES ('5', '60e999ba3e273ed36f6527f6cb7c7ecd', 'Study Guide Test 3');
INSERT INTO content (submission_id, url, filename) VALUES ('6', '60e999ba3e273ed36f6527f6cb7c7ecd', 'HW 4');
INSERT INTO content (submission_id, url, filename) VALUES ('7', '5eb605178bffa6089a5d647a5ae85578', 'Study Guide Test 1');
INSERT INTO content (submission_id, url, filename) VALUES ('8', '8c025dde8ae6fb41ff1560a197ee198b', 'HW0-10');
INSERT INTO content (submission_id, url, filename) VALUES ('9', '8c025dde8ae6fb41ff1560a197ee198b', 'Study Guide Test 3');
INSERT INTO content (submission_id, url, filename) VALUES ('10', '5eb605178bffa6089a5d647a5ae85578', 'All HW');
INSERT INTO content (submission_id, url, filename) VALUES ('11', '8c025dde8ae6fb41ff1560a197ee198b', 'HW 5');
INSERT INTO content (submission_id, url, filename) VALUES ('12', '8c025dde8ae6fb41ff1560a197ee198b', 'Study Guide Test 1');
INSERT INTO content (submission_id, url, filename) VALUES ('13', '8c025dde8ae6fb41ff1560a197ee198b', 'HW 1');
INSERT INTO content (submission_id, url, filename) VALUES ('14', '5eb605178bffa6089a5d647a5ae85578', 'HW 3');
INSERT INTO content (submission_id, url, filename) VALUES ('15', '5eb605178bffa6089a5d647a5ae85578', 'HW 4');
INSERT INTO content (submission_id, url, filename) VALUES ('16', '60e999ba3e273ed36f6527f6cb7c7ecd', 'Study Guide Test 1');
INSERT INTO content (submission_id, url, filename) VALUES ('17', '8c025dde8ae6fb41ff1560a197ee198b', 'All HW');
INSERT INTO content (submission_id, url, filename) VALUES ('18', '5eb605178bffa6089a5d647a5ae85578', 'HW0-10');
INSERT INTO content (submission_id, url, filename) VALUES ('19', '5eb605178bffa6089a5d647a5ae85578', 'Study Guide Test 1');
INSERT INTO content (submission_id, url, filename) VALUES ('20', '5eb605178bffa6089a5d647a5ae85578', 'Study Guide Test 1');
INSERT INTO content (submission_id, url, filename) VALUES ('21', '8c025dde8ae6fb41ff1560a197ee198b', 'HW 4');
INSERT INTO content (submission_id, url, filename) VALUES ('22', '60e999ba3e273ed36f6527f6cb7c7ecd', 'Practice Test');
INSERT INTO content (submission_id, url, filename) VALUES ('23', '8c025dde8ae6fb41ff1560a197ee198b', 'HW 6');
INSERT INTO content (submission_id, url, filename) VALUES ('24', '60e999ba3e273ed36f6527f6cb7c7ecd', 'All HW');
INSERT INTO content (submission_id, url, filename) VALUES ('25', '5eb605178bffa6089a5d647a5ae85578', 'Practice Test');
INSERT INTO content (submission_id, url, filename) VALUES ('26', '5eb605178bffa6089a5d647a5ae85578', 'All HW');
INSERT INTO content (submission_id, url, filename) VALUES ('27', '60e999ba3e273ed36f6527f6cb7c7ecd', 'Study Guide Test 1');
INSERT INTO content (submission_id, url, filename) VALUES ('28', '60e999ba3e273ed36f6527f6cb7c7ecd', 'Practice Test');
INSERT INTO content (submission_id, url, filename) VALUES ('29', '8c025dde8ae6fb41ff1560a197ee198b', 'HW 5');
INSERT INTO content (submission_id, url, filename) VALUES ('30', '8c025dde8ae6fb41ff1560a197ee198b', 'HW0-10');
INSERT INTO content (submission_id, url, filename) VALUES ('31', '60e999ba3e273ed36f6527f6cb7c7ecd', 'Study Guide Test 1');
INSERT INTO content (submission_id, url, filename) VALUES ('32', '5eb605178bffa6089a5d647a5ae85578', 'Study Guide Test 3');
INSERT INTO content (submission_id, url, filename) VALUES ('33', '5eb605178bffa6089a5d647a5ae85578', 'Study Guide Test 3');
INSERT INTO content (submission_id, url, filename) VALUES ('34', '8c025dde8ae6fb41ff1560a197ee198b', 'All HW');
INSERT INTO content (submission_id, url, filename) VALUES ('35', '8c025dde8ae6fb41ff1560a197ee198b', 'All HW');
INSERT INTO content (submission_id, url, filename) VALUES ('36', '5eb605178bffa6089a5d647a5ae85578', 'HW0-10');
INSERT INTO content (submission_id, url, filename) VALUES ('37', '60e999ba3e273ed36f6527f6cb7c7ecd', 'Study Guide Test 1');
INSERT INTO content (submission_id, url, filename) VALUES ('38', '8c025dde8ae6fb41ff1560a197ee198b', 'HW 1');
INSERT INTO content (submission_id, url, filename) VALUES ('39', '5eb605178bffa6089a5d647a5ae85578', 'HW 6');
INSERT INTO content (submission_id, url, filename) VALUES ('40', '8c025dde8ae6fb41ff1560a197ee198b', 'HW 1');
INSERT INTO content (submission_id, url, filename) VALUES ('41', '8c025dde8ae6fb41ff1560a197ee198b', 'HW 3');
INSERT INTO content (submission_id, url, filename) VALUES ('42', '60e999ba3e273ed36f6527f6cb7c7ecd', 'HW 6');
INSERT INTO content (submission_id, url, filename) VALUES ('43', '5eb605178bffa6089a5d647a5ae85578', 'All HW');
INSERT INTO content (submission_id, url, filename) VALUES ('44', '8c025dde8ae6fb41ff1560a197ee198b', 'HW 6');
INSERT INTO content (submission_id, url, filename) VALUES ('45', '5eb605178bffa6089a5d647a5ae85578', 'HW 5');
INSERT INTO content (submission_id, url, filename) VALUES ('46', '60e999ba3e273ed36f6527f6cb7c7ecd', 'Study Guide Test 1');
INSERT INTO content (submission_id, url, filename) VALUES ('47', '8c025dde8ae6fb41ff1560a197ee198b', 'All HW');
INSERT INTO content (submission_id, url, filename) VALUES ('48', '8c025dde8ae6fb41ff1560a197ee198b', 'HW0-10');
INSERT INTO content (submission_id, url, filename) VALUES ('49', '60e999ba3e273ed36f6527f6cb7c7ecd', 'Study Guide Test 3');
INSERT INTO content (submission_id, url, filename) VALUES ('50', '5eb605178bffa6089a5d647a5ae85578', 'Study Guide Test 1');
INSERT INTO content (submission_id, url, filename) VALUES ('51', '8c025dde8ae6fb41ff1560a197ee198b', 'HW 1');
INSERT INTO content (submission_id, url, filename) VALUES ('52', '5eb605178bffa6089a5d647a5ae85578', 'HW 3');
INSERT INTO content (submission_id, url, filename) VALUES ('53', '8c025dde8ae6fb41ff1560a197ee198b', 'All HW');
INSERT INTO content (submission_id, url, filename) VALUES ('54', '5eb605178bffa6089a5d647a5ae85578', 'HW0-10');
INSERT INTO content (submission_id, url, filename) VALUES ('55', '5eb605178bffa6089a5d647a5ae85578', 'Study Guide Test 1');
INSERT INTO content (submission_id, url, filename) VALUES ('56', '8c025dde8ae6fb41ff1560a197ee198b', 'HW 1');
INSERT INTO content (submission_id, url, filename) VALUES ('57', '60e999ba3e273ed36f6527f6cb7c7ecd', 'HW 5');
INSERT INTO content (submission_id, url, filename) VALUES ('58', '60e999ba3e273ed36f6527f6cb7c7ecd', 'HW 1');
INSERT INTO content (submission_id, url, filename) VALUES ('59', '60e999ba3e273ed36f6527f6cb7c7ecd', 'HW0-10');
INSERT INTO content (submission_id, url, filename) VALUES ('60', '60e999ba3e273ed36f6527f6cb7c7ecd', 'HW 4');
INSERT INTO content (submission_id, url, filename) VALUES ('61', '5eb605178bffa6089a5d647a5ae85578', 'HW 6');
INSERT INTO content (submission_id, url, filename) VALUES ('62', '60e999ba3e273ed36f6527f6cb7c7ecd', 'HW 3');
INSERT INTO content (submission_id, url, filename) VALUES ('63', '8c025dde8ae6fb41ff1560a197ee198b', 'All HW');
INSERT INTO content (submission_id, url, filename) VALUES ('64', '5eb605178bffa6089a5d647a5ae85578', 'HW0-10');
INSERT INTO content (submission_id, url, filename) VALUES ('65', '8c025dde8ae6fb41ff1560a197ee198b', 'Study Guide Test 3');
INSERT INTO content (submission_id, url, filename) VALUES ('66', '5eb605178bffa6089a5d647a5ae85578', 'Study Guide Test 3');
INSERT INTO content (submission_id, url, filename) VALUES ('67', '60e999ba3e273ed36f6527f6cb7c7ecd', 'Practice Test');
INSERT INTO content (submission_id, url, filename) VALUES ('68', '8c025dde8ae6fb41ff1560a197ee198b', 'Study Guide Test 3');
INSERT INTO content (submission_id, url, filename) VALUES ('69', '8c025dde8ae6fb41ff1560a197ee198b', 'HW 3');
INSERT INTO content (submission_id, url, filename) VALUES ('70', '8c025dde8ae6fb41ff1560a197ee198b', 'Study Guide Test 1');
INSERT INTO content (submission_id, url, filename) VALUES ('71', '60e999ba3e273ed36f6527f6cb7c7ecd', 'All HW');
INSERT INTO content (submission_id, url, filename) VALUES ('72', '60e999ba3e273ed36f6527f6cb7c7ecd', 'HW 6');
INSERT INTO content (submission_id, url, filename) VALUES ('73', '5eb605178bffa6089a5d647a5ae85578', 'HW0-10');
INSERT INTO content (submission_id, url, filename) VALUES ('74', '8c025dde8ae6fb41ff1560a197ee198b', 'All HW');
INSERT INTO content (submission_id, url, filename) VALUES ('75', '60e999ba3e273ed36f6527f6cb7c7ecd', 'All HW');
INSERT INTO content (submission_id, url, filename) VALUES ('76', '5eb605178bffa6089a5d647a5ae85578', 'HW 3');
INSERT INTO content (submission_id, url, filename) VALUES ('77', '8c025dde8ae6fb41ff1560a197ee198b', 'HW 6');
INSERT INTO content (submission_id, url, filename) VALUES ('78', '5eb605178bffa6089a5d647a5ae85578', 'HW 2');
INSERT INTO content (submission_id, url, filename) VALUES ('79', '60e999ba3e273ed36f6527f6cb7c7ecd', 'Study Guide Test 1');
INSERT INTO content (submission_id, url, filename) VALUES ('80', '60e999ba3e273ed36f6527f6cb7c7ecd', 'HW0-10');
INSERT INTO content (submission_id, url, filename) VALUES ('81', '5eb605178bffa6089a5d647a5ae85578', 'Practice Test');
INSERT INTO content (submission_id, url, filename) VALUES ('82', '8c025dde8ae6fb41ff1560a197ee198b', 'All HW');
INSERT INTO content (submission_id, url, filename) VALUES ('83', '5eb605178bffa6089a5d647a5ae85578', 'Study Guide Test 1');
INSERT INTO content (submission_id, url, filename) VALUES ('84', '8c025dde8ae6fb41ff1560a197ee198b', 'HW 5');
INSERT INTO content (submission_id, url, filename) VALUES ('85', '60e999ba3e273ed36f6527f6cb7c7ecd', 'Study Guide Test 1');
INSERT INTO content (submission_id, url, filename) VALUES ('86', '5eb605178bffa6089a5d647a5ae85578', 'Study Guide Test 1');
INSERT INTO content (submission_id, url, filename) VALUES ('87', '60e999ba3e273ed36f6527f6cb7c7ecd', 'HW 5');
INSERT INTO content (submission_id, url, filename) VALUES ('88', '60e999ba3e273ed36f6527f6cb7c7ecd', 'HW 3');
INSERT INTO content (submission_id, url, filename) VALUES ('89', '8c025dde8ae6fb41ff1560a197ee198b', 'HW 2');
INSERT INTO content (submission_id, url, filename) VALUES ('90', '5eb605178bffa6089a5d647a5ae85578', 'Study Guide Test 1');
INSERT INTO content (submission_id, url, filename) VALUES ('91', '8c025dde8ae6fb41ff1560a197ee198b', 'All HW');
INSERT INTO content (submission_id, url, filename) VALUES ('92', '8c025dde8ae6fb41ff1560a197ee198b', 'HW 5');
INSERT INTO content (submission_id, url, filename) VALUES ('93', '8c025dde8ae6fb41ff1560a197ee198b', 'HW 2');
INSERT INTO content (submission_id, url, filename) VALUES ('94', '5eb605178bffa6089a5d647a5ae85578', 'Study Guide Test 1');
INSERT INTO content (submission_id, url, filename) VALUES ('95', '5eb605178bffa6089a5d647a5ae85578', 'HW 2');
INSERT INTO content (submission_id, url, filename) VALUES ('96', '5eb605178bffa6089a5d647a5ae85578', 'HW 5');
INSERT INTO content (submission_id, url, filename) VALUES ('97', '8c025dde8ae6fb41ff1560a197ee198b', 'HW 2');
INSERT INTO content (submission_id, url, filename) VALUES ('98', '60e999ba3e273ed36f6527f6cb7c7ecd', 'Practice Test');
INSERT INTO content (submission_id, url, filename) VALUES ('99', '5eb605178bffa6089a5d647a5ae85578', 'HW0-10');
INSERT INTO content (submission_id, url, filename) VALUES ('100', '5eb605178bffa6089a5d647a5ae85578', 'HW 6');
INSERT INTO content (submission_id, url, filename) VALUES ('101', '5eb605178bffa6089a5d647a5ae85578', 'Study Guide Test 1');
INSERT INTO content (submission_id, url, filename) VALUES ('102', '8c025dde8ae6fb41ff1560a197ee198b', 'HW 3');
INSERT INTO content (submission_id, url, filename) VALUES ('103', '8c025dde8ae6fb41ff1560a197ee198b', 'Study Guide Test 1');
INSERT INTO content (submission_id, url, filename) VALUES ('104', '8c025dde8ae6fb41ff1560a197ee198b', 'HW0-10');
INSERT INTO content (submission_id, url, filename) VALUES ('105', '8c025dde8ae6fb41ff1560a197ee198b', 'HW 1');
INSERT INTO content (submission_id, url, filename) VALUES ('106', '8c025dde8ae6fb41ff1560a197ee198b', 'HW 1');
INSERT INTO content (submission_id, url, filename) VALUES ('107', '5eb605178bffa6089a5d647a5ae85578', 'HW 6');
INSERT INTO content (submission_id, url, filename) VALUES ('108', '5eb605178bffa6089a5d647a5ae85578', 'Practice Test');
INSERT INTO content (submission_id, url, filename) VALUES ('109', '60e999ba3e273ed36f6527f6cb7c7ecd', 'HW 6');
INSERT INTO content (submission_id, url, filename) VALUES ('110', '8c025dde8ae6fb41ff1560a197ee198b', 'HW 3');
INSERT INTO content (submission_id, url, filename) VALUES ('111', '8c025dde8ae6fb41ff1560a197ee198b', 'HW 2');
INSERT INTO content (submission_id, url, filename) VALUES ('112', '5eb605178bffa6089a5d647a5ae85578', 'HW 6');
INSERT INTO content (submission_id, url, filename) VALUES ('113', '5eb605178bffa6089a5d647a5ae85578', 'Practice Test');
INSERT INTO content (submission_id, url, filename) VALUES ('114', '5eb605178bffa6089a5d647a5ae85578', 'HW 3');
INSERT INTO content (submission_id, url, filename) VALUES ('115', '60e999ba3e273ed36f6527f6cb7c7ecd', 'Study Guide Test 1');
INSERT INTO content (submission_id, url, filename) VALUES ('116', '5eb605178bffa6089a5d647a5ae85578', 'HW 6');
INSERT INTO content (submission_id, url, filename) VALUES ('117', '5eb605178bffa6089a5d647a5ae85578', 'HW 3');
INSERT INTO content (submission_id, url, filename) VALUES ('118', '5eb605178bffa6089a5d647a5ae85578', 'HW0-10');
INSERT INTO content (submission_id, url, filename) VALUES ('119', '5eb605178bffa6089a5d647a5ae85578', 'Practice Test');
INSERT INTO content (submission_id, url, filename) VALUES ('120', '5eb605178bffa6089a5d647a5ae85578', 'Study Guide Test 1');
INSERT INTO content (submission_id, url, filename) VALUES ('121', '5eb605178bffa6089a5d647a5ae85578', 'Study Guide Test 1');
INSERT INTO content (submission_id, url, filename) VALUES ('122', '60e999ba3e273ed36f6527f6cb7c7ecd', 'HW 5');
INSERT INTO content (submission_id, url, filename) VALUES ('123', '8c025dde8ae6fb41ff1560a197ee198b', 'All HW');
INSERT INTO content (submission_id, url, filename) VALUES ('124', '8c025dde8ae6fb41ff1560a197ee198b', 'HW 5');
INSERT INTO content (submission_id, url, filename) VALUES ('125', '60e999ba3e273ed36f6527f6cb7c7ecd', 'HW 1');
INSERT INTO content (submission_id, url, filename) VALUES ('126', '8c025dde8ae6fb41ff1560a197ee198b', 'HW 4');
INSERT INTO content (submission_id, url, filename) VALUES ('127', '5eb605178bffa6089a5d647a5ae85578', 'HW 3');
INSERT INTO content (submission_id, url, filename) VALUES ('128', '8c025dde8ae6fb41ff1560a197ee198b', 'HW 6');
INSERT INTO content (submission_id, url, filename) VALUES ('129', '8c025dde8ae6fb41ff1560a197ee198b', 'Study Guide Test 1');
INSERT INTO content (submission_id, url, filename) VALUES ('130', '5eb605178bffa6089a5d647a5ae85578', 'Practice Test');
INSERT INTO content (submission_id, url, filename) VALUES ('131', '8c025dde8ae6fb41ff1560a197ee198b', 'Study Guide Test 1');
INSERT INTO content (submission_id, url, filename) VALUES ('132', '5eb605178bffa6089a5d647a5ae85578', 'HW0-10');
INSERT INTO content (submission_id, url, filename) VALUES ('133', '60e999ba3e273ed36f6527f6cb7c7ecd', 'Study Guide Test 1');
INSERT INTO content (submission_id, url, filename) VALUES ('134', '5eb605178bffa6089a5d647a5ae85578', 'Practice Test');
INSERT INTO content (submission_id, url, filename) VALUES ('135', '60e999ba3e273ed36f6527f6cb7c7ecd', 'HW 5');
INSERT INTO content (submission_id, url, filename) VALUES ('136', '5eb605178bffa6089a5d647a5ae85578', 'HW 4');
INSERT INTO content (submission_id, url, filename) VALUES ('137', '5eb605178bffa6089a5d647a5ae85578', 'HW 2');
INSERT INTO content (submission_id, url, filename) VALUES ('138', '5eb605178bffa6089a5d647a5ae85578', 'Study Guide Test 1');
INSERT INTO content (submission_id, url, filename) VALUES ('139', '8c025dde8ae6fb41ff1560a197ee198b', 'HW 5');
INSERT INTO content (submission_id, url, filename) VALUES ('140', '8c025dde8ae6fb41ff1560a197ee198b', 'HW 4');
INSERT INTO content (submission_id, url, filename) VALUES ('141', '8c025dde8ae6fb41ff1560a197ee198b', 'HW 6');
INSERT INTO content (submission_id, url, filename) VALUES ('142', '8c025dde8ae6fb41ff1560a197ee198b', 'HW 2');
INSERT INTO content (submission_id, url, filename) VALUES ('143', '60e999ba3e273ed36f6527f6cb7c7ecd', 'Practice Test');
INSERT INTO content (submission_id, url, filename) VALUES ('144', '5eb605178bffa6089a5d647a5ae85578', 'HW0-10');
INSERT INTO content (submission_id, url, filename) VALUES ('145', '8c025dde8ae6fb41ff1560a197ee198b', 'All HW');
INSERT INTO content (submission_id, url, filename) VALUES ('146', '60e999ba3e273ed36f6527f6cb7c7ecd', 'Study Guide Test 1');
INSERT INTO content (submission_id, url, filename) VALUES ('147', '60e999ba3e273ed36f6527f6cb7c7ecd', 'HW 1');
INSERT INTO content (submission_id, url, filename) VALUES ('148', '5eb605178bffa6089a5d647a5ae85578', 'HW 6');
INSERT INTO content (submission_id, url, filename) VALUES ('149', '8c025dde8ae6fb41ff1560a197ee198b', 'HW 2');
INSERT INTO content (submission_id, url, filename) VALUES ('150', '5eb605178bffa6089a5d647a5ae85578', 'HW 6');
INSERT INTO ratings (submission_id, url, username, rating) VALUES ('1', '60e999ba3e273ed36f6527f6cb7c7ecd', 'hophead', '5');
INSERT INTO ratings (submission_id, url, username, rating) VALUES ('2', '8c025dde8ae6fb41ff1560a197ee198b', 'balikpapan', '3');
INSERT INTO ratings (submission_id, url, username, rating) VALUES ('2', '8c025dde8ae6fb41ff1560a197ee198b', 'waiter', '4');
INSERT INTO ratings (submission_id, url, username, rating) VALUES ('3', '8c025dde8ae6fb41ff1560a197ee198b', 'roughhouse', '1');
INSERT INTO ratings (submission_id, url, username, rating) VALUES ('4', '8c025dde8ae6fb41ff1560a197ee198b', 'roughhouse', '4');
INSERT INTO ratings (submission_id, url, username, rating) VALUES ('4', '8c025dde8ae6fb41ff1560a197ee198b', 'scrappy', '4');
INSERT INTO ratings (submission_id, url, username, rating) VALUES ('5', '60e999ba3e273ed36f6527f6cb7c7ecd', 'roughhouse', '5');
INSERT INTO ratings (submission_id, url, username, rating) VALUES ('5', '60e999ba3e273ed36f6527f6cb7c7ecd', 'waiter', '4');
INSERT INTO ratings (submission_id, url, username, rating) VALUES ('5', '60e999ba3e273ed36f6527f6cb7c7ecd', 'balikpapan', '4');
INSERT INTO ratings (submission_id, url, username, rating) VALUES ('6', '60e999ba3e273ed36f6527f6cb7c7ecd', 'martyrize', '2');
INSERT INTO ratings (submission_id, url, username, rating) VALUES ('6', '60e999ba3e273ed36f6527f6cb7c7ecd', 'claude', '4');
INSERT INTO ratings (submission_id, url, username, rating) VALUES ('7', '5eb605178bffa6089a5d647a5ae85578', 'undercroft', '5');
INSERT INTO ratings (submission_id, url, username, rating) VALUES ('8', '8c025dde8ae6fb41ff1560a197ee198b', 'scrappy', '1');
INSERT INTO ratings (submission_id, url, username, rating) VALUES ('8', '8c025dde8ae6fb41ff1560a197ee198b', 'kariekaril', '2');
INSERT INTO ratings (submission_id, url, username, rating) VALUES ('9', '8c025dde8ae6fb41ff1560a197ee198b', 'culver', '2');
INSERT INTO ratings (submission_id, url, username, rating) VALUES ('9', '8c025dde8ae6fb41ff1560a197ee198b', 'decollate', '5');
INSERT INTO ratings (submission_id, url, username, rating) VALUES ('10', '5eb605178bffa6089a5d647a5ae85578', 'kine', '4');
INSERT INTO ratings (submission_id, url, username, rating) VALUES ('10', '5eb605178bffa6089a5d647a5ae85578', 'quodlibet', '3');
INSERT INTO ratings (submission_id, url, username, rating) VALUES ('11', '8c025dde8ae6fb41ff1560a197ee198b', 'jakejakes', '4');
INSERT INTO ratings (submission_id, url, username, rating) VALUES ('11', '8c025dde8ae6fb41ff1560a197ee198b', 'badger', '4');
INSERT INTO ratings (submission_id, url, username, rating) VALUES ('12', '8c025dde8ae6fb41ff1560a197ee198b', 'decani', '2');
INSERT INTO ratings (submission_id, url, username, rating) VALUES ('13', '8c025dde8ae6fb41ff1560a197ee198b', 'kommunarsk', '5');
INSERT INTO ratings (submission_id, url, username, rating) VALUES ('14', '5eb605178bffa6089a5d647a5ae85578', 'kicker', '2');
INSERT INTO ratings (submission_id, url, username, rating) VALUES ('14', '5eb605178bffa6089a5d647a5ae85578', 'roughhouse', '4');
INSERT INTO ratings (submission_id, url, username, rating) VALUES ('14', '5eb605178bffa6089a5d647a5ae85578', 'waiter', '1');
INSERT INTO ratings (submission_id, url, username, rating) VALUES ('15', '5eb605178bffa6089a5d647a5ae85578', 'flunkey', '5');
INSERT INTO ratings (submission_id, url, username, rating) VALUES ('16', '60e999ba3e273ed36f6527f6cb7c7ecd', 'concerned', '3');
INSERT INTO ratings (submission_id, url, username, rating) VALUES ('17', '8c025dde8ae6fb41ff1560a197ee198b', 'kommunarsk', '3');
INSERT INTO ratings (submission_id, url, username, rating) VALUES ('17', '8c025dde8ae6fb41ff1560a197ee198b', 'homeland', '1');
INSERT INTO ratings (submission_id, url, username, rating) VALUES ('17', '8c025dde8ae6fb41ff1560a197ee198b', 'quodlibet', '2');
INSERT INTO ratings (submission_id, url, username, rating) VALUES ('18', '5eb605178bffa6089a5d647a5ae85578', 'kommunarsk', '4');
INSERT INTO ratings (submission_id, url, username, rating) VALUES ('18', '5eb605178bffa6089a5d647a5ae85578', 'smallpox', '4');
INSERT INTO ratings (submission_id, url, username, rating) VALUES ('18', '5eb605178bffa6089a5d647a5ae85578', 'nicely', '5');
INSERT INTO ratings (submission_id, url, username, rating) VALUES ('19', '5eb605178bffa6089a5d647a5ae85578', 'kine', '5');
INSERT INTO ratings (submission_id, url, username, rating) VALUES ('19', '5eb605178bffa6089a5d647a5ae85578', 'badger', '3');
INSERT INTO ratings (submission_id, url, username, rating) VALUES ('19', '5eb605178bffa6089a5d647a5ae85578', 'blindstory', '3');
INSERT INTO ratings (submission_id, url, username, rating) VALUES ('20', '5eb605178bffa6089a5d647a5ae85578', 'jakejakes', '4');
INSERT INTO ratings (submission_id, url, username, rating) VALUES ('20', '5eb605178bffa6089a5d647a5ae85578', 'badger', '1');
INSERT INTO ratings (submission_id, url, username, rating) VALUES ('21', '8c025dde8ae6fb41ff1560a197ee198b', 'smallpox', '2');
INSERT INTO ratings (submission_id, url, username, rating) VALUES ('21', '8c025dde8ae6fb41ff1560a197ee198b', 'blindstory', '5');
INSERT INTO ratings (submission_id, url, username, rating) VALUES ('21', '8c025dde8ae6fb41ff1560a197ee198b', 'undercroft', '2');
INSERT INTO ratings (submission_id, url, username, rating) VALUES ('22', '60e999ba3e273ed36f6527f6cb7c7ecd', 'uis', '3');
INSERT INTO ratings (submission_id, url, username, rating) VALUES ('22', '60e999ba3e273ed36f6527f6cb7c7ecd', 'kicker', '5');
INSERT INTO ratings (submission_id, url, username, rating) VALUES ('23', '8c025dde8ae6fb41ff1560a197ee198b', 'homeland', '2');
INSERT INTO ratings (submission_id, url, username, rating) VALUES ('23', '8c025dde8ae6fb41ff1560a197ee198b', 'martyrize', '2');
INSERT INTO ratings (submission_id, url, username, rating) VALUES ('24', '60e999ba3e273ed36f6527f6cb7c7ecd', 'arbil', '4');
INSERT INTO ratings (submission_id, url, username, rating) VALUES ('25', '5eb605178bffa6089a5d647a5ae85578', 'zamarripa', '1');
INSERT INTO ratings (submission_id, url, username, rating) VALUES ('26', '5eb605178bffa6089a5d647a5ae85578', 'manager', '2');
INSERT INTO ratings (submission_id, url, username, rating) VALUES ('27', '60e999ba3e273ed36f6527f6cb7c7ecd', 'flunkey', '4');
INSERT INTO ratings (submission_id, url, username, rating) VALUES ('27', '60e999ba3e273ed36f6527f6cb7c7ecd', 'uis', '1');
INSERT INTO ratings (submission_id, url, username, rating) VALUES ('28', '60e999ba3e273ed36f6527f6cb7c7ecd', 'homeland', '2');
INSERT INTO ratings (submission_id, url, username, rating) VALUES ('29', '8c025dde8ae6fb41ff1560a197ee198b', 'valueless', '3');
INSERT INTO ratings (submission_id, url, username, rating) VALUES ('29', '8c025dde8ae6fb41ff1560a197ee198b', 'arbil', '5');
INSERT INTO ratings (submission_id, url, username, rating) VALUES ('29', '8c025dde8ae6fb41ff1560a197ee198b', 'dinorahdinosaur', '4');
INSERT INTO ratings (submission_id, url, username, rating) VALUES ('30', '8c025dde8ae6fb41ff1560a197ee198b', 'natal', '5');
INSERT INTO ratings (submission_id, url, username, rating) VALUES ('30', '8c025dde8ae6fb41ff1560a197ee198b', 'interlanguage', '5');
INSERT INTO ratings (submission_id, url, username, rating) VALUES ('30', '8c025dde8ae6fb41ff1560a197ee198b', 'roughhouse', '5');
INSERT INTO ratings (submission_id, url, username, rating) VALUES ('31', '60e999ba3e273ed36f6527f6cb7c7ecd', 'kine', '1');
INSERT INTO ratings (submission_id, url, username, rating) VALUES ('31', '60e999ba3e273ed36f6527f6cb7c7ecd', 'pouter', '5');
INSERT INTO ratings (submission_id, url, username, rating) VALUES ('31', '60e999ba3e273ed36f6527f6cb7c7ecd', 'zamarripa', '5');
INSERT INTO ratings (submission_id, url, username, rating) VALUES ('32', '5eb605178bffa6089a5d647a5ae85578', 'lethia', '1');
INSERT INTO ratings (submission_id, url, username, rating) VALUES ('32', '5eb605178bffa6089a5d647a5ae85578', 'tupler', '4');
INSERT INTO ratings (submission_id, url, username, rating) VALUES ('32', '5eb605178bffa6089a5d647a5ae85578', 'kariekaril', '4');
INSERT INTO ratings (submission_id, url, username, rating) VALUES ('33', '5eb605178bffa6089a5d647a5ae85578', 'tupler', '1');
INSERT INTO ratings (submission_id, url, username, rating) VALUES ('34', '8c025dde8ae6fb41ff1560a197ee198b', 'kicker', '2');
INSERT INTO ratings (submission_id, url, username, rating) VALUES ('34', '8c025dde8ae6fb41ff1560a197ee198b', 'interlanguage', '5');
INSERT INTO ratings (submission_id, url, username, rating) VALUES ('34', '8c025dde8ae6fb41ff1560a197ee198b', 'lethia', '2');
INSERT INTO ratings (submission_id, url, username, rating) VALUES ('35', '8c025dde8ae6fb41ff1560a197ee198b', 'dinorahdinosaur', '2');
INSERT INTO ratings (submission_id, url, username, rating) VALUES ('35', '8c025dde8ae6fb41ff1560a197ee198b', 'flunkey', '2');
INSERT INTO ratings (submission_id, url, username, rating) VALUES ('35', '8c025dde8ae6fb41ff1560a197ee198b', 'miler', '4');
INSERT INTO ratings (submission_id, url, username, rating) VALUES ('36', '5eb605178bffa6089a5d647a5ae85578', 'arbil', '2');
INSERT INTO ratings (submission_id, url, username, rating) VALUES ('37', '60e999ba3e273ed36f6527f6cb7c7ecd', 'undercroft', '4');
INSERT INTO ratings (submission_id, url, username, rating) VALUES ('37', '60e999ba3e273ed36f6527f6cb7c7ecd', 'quodlibet', '1');
INSERT INTO ratings (submission_id, url, username, rating) VALUES ('38', '8c025dde8ae6fb41ff1560a197ee198b', 'pouter', '4');
INSERT INTO ratings (submission_id, url, username, rating) VALUES ('38', '8c025dde8ae6fb41ff1560a197ee198b', 'kicker', '2');
INSERT INTO ratings (submission_id, url, username, rating) VALUES ('39', '5eb605178bffa6089a5d647a5ae85578', 'decollate', '1');
INSERT INTO ratings (submission_id, url, username, rating) VALUES ('39', '5eb605178bffa6089a5d647a5ae85578', 'tupler', '1');
INSERT INTO ratings (submission_id, url, username, rating) VALUES ('39', '5eb605178bffa6089a5d647a5ae85578', 'interlanguage', '4');
INSERT INTO ratings (submission_id, url, username, rating) VALUES ('40', '8c025dde8ae6fb41ff1560a197ee198b', 'dinorahdinosaur', '2');
INSERT INTO ratings (submission_id, url, username, rating) VALUES ('40', '8c025dde8ae6fb41ff1560a197ee198b', 'interlanguage', '3');
INSERT INTO ratings (submission_id, url, username, rating) VALUES ('40', '8c025dde8ae6fb41ff1560a197ee198b', 'balikpapan', '1');
INSERT INTO ratings (submission_id, url, username, rating) VALUES ('41', '8c025dde8ae6fb41ff1560a197ee198b', 'roughhouse', '4');
INSERT INTO ratings (submission_id, url, username, rating) VALUES ('41', '8c025dde8ae6fb41ff1560a197ee198b', 'decani', '5');
INSERT INTO ratings (submission_id, url, username, rating) VALUES ('42', '60e999ba3e273ed36f6527f6cb7c7ecd', 'valueless', '4');
INSERT INTO ratings (submission_id, url, username, rating) VALUES ('42', '60e999ba3e273ed36f6527f6cb7c7ecd', 'waiter', '4');
INSERT INTO ratings (submission_id, url, username, rating) VALUES ('43', '5eb605178bffa6089a5d647a5ae85578', 'kine', '1');
INSERT INTO ratings (submission_id, url, username, rating) VALUES ('44', '8c025dde8ae6fb41ff1560a197ee198b', 'tupler', '1');
INSERT INTO ratings (submission_id, url, username, rating) VALUES ('45', '5eb605178bffa6089a5d647a5ae85578', 'waiter', '4');
INSERT INTO ratings (submission_id, url, username, rating) VALUES ('45', '5eb605178bffa6089a5d647a5ae85578', 'natal', '4');
INSERT INTO ratings (submission_id, url, username, rating) VALUES ('46', '60e999ba3e273ed36f6527f6cb7c7ecd', 'nicely', '1');
INSERT INTO ratings (submission_id, url, username, rating) VALUES ('46', '60e999ba3e273ed36f6527f6cb7c7ecd', 'dinorahdinosaur', '3');
INSERT INTO ratings (submission_id, url, username, rating) VALUES ('46', '60e999ba3e273ed36f6527f6cb7c7ecd', 'scrappy', '4');
INSERT INTO ratings (submission_id, url, username, rating) VALUES ('47', '8c025dde8ae6fb41ff1560a197ee198b', 'martyrize', '1');
INSERT INTO ratings (submission_id, url, username, rating) VALUES ('47', '8c025dde8ae6fb41ff1560a197ee198b', 'roughhouse', '1');
INSERT INTO ratings (submission_id, url, username, rating) VALUES ('47', '8c025dde8ae6fb41ff1560a197ee198b', 'concerned', '2');
INSERT INTO ratings (submission_id, url, username, rating) VALUES ('48', '8c025dde8ae6fb41ff1560a197ee198b', 'flunkey', '1');
INSERT INTO ratings (submission_id, url, username, rating) VALUES ('48', '8c025dde8ae6fb41ff1560a197ee198b', 'smallpox', '5');
INSERT INTO ratings (submission_id, url, username, rating) VALUES ('48', '8c025dde8ae6fb41ff1560a197ee198b', 'lethia', '2');
INSERT INTO ratings (submission_id, url, username, rating) VALUES ('49', '60e999ba3e273ed36f6527f6cb7c7ecd', 'kommunarsk', '3');
INSERT INTO ratings (submission_id, url, username, rating) VALUES ('49', '60e999ba3e273ed36f6527f6cb7c7ecd', 'uis', '2');
INSERT INTO ratings (submission_id, url, username, rating) VALUES ('49', '60e999ba3e273ed36f6527f6cb7c7ecd', 'pouter', '3');
INSERT INTO ratings (submission_id, url, username, rating) VALUES ('50', '5eb605178bffa6089a5d647a5ae85578', 'kicker', '3');
INSERT INTO ratings (submission_id, url, username, rating) VALUES ('51', '8c025dde8ae6fb41ff1560a197ee198b', 'jerejereld', '1');
INSERT INTO ratings (submission_id, url, username, rating) VALUES ('52', '5eb605178bffa6089a5d647a5ae85578', 'waiter', '2');
INSERT INTO ratings (submission_id, url, username, rating) VALUES ('52', '5eb605178bffa6089a5d647a5ae85578', 'decollate', '4');
INSERT INTO ratings (submission_id, url, username, rating) VALUES ('53', '8c025dde8ae6fb41ff1560a197ee198b', 'natal', '2');
INSERT INTO ratings (submission_id, url, username, rating) VALUES ('53', '8c025dde8ae6fb41ff1560a197ee198b', 'nicely', '2');
INSERT INTO ratings (submission_id, url, username, rating) VALUES ('53', '8c025dde8ae6fb41ff1560a197ee198b', 'protasis', '3');
INSERT INTO ratings (submission_id, url, username, rating) VALUES ('54', '5eb605178bffa6089a5d647a5ae85578', 'badger', '4');
INSERT INTO ratings (submission_id, url, username, rating) VALUES ('55', '5eb605178bffa6089a5d647a5ae85578', 'kicker', '1');
INSERT INTO ratings (submission_id, url, username, rating) VALUES ('55', '5eb605178bffa6089a5d647a5ae85578', 'valueless', '3');
INSERT INTO ratings (submission_id, url, username, rating) VALUES ('56', '8c025dde8ae6fb41ff1560a197ee198b', 'nicely', '3');
INSERT INTO ratings (submission_id, url, username, rating) VALUES ('56', '8c025dde8ae6fb41ff1560a197ee198b', 'kommunarsk', '4');
INSERT INTO ratings (submission_id, url, username, rating) VALUES ('56', '8c025dde8ae6fb41ff1560a197ee198b', 'concerned', '2');
INSERT INTO ratings (submission_id, url, username, rating) VALUES ('57', '60e999ba3e273ed36f6527f6cb7c7ecd', 'miler', '3');
INSERT INTO ratings (submission_id, url, username, rating) VALUES ('57', '60e999ba3e273ed36f6527f6cb7c7ecd', 'martyrize', '2');
INSERT INTO ratings (submission_id, url, username, rating) VALUES ('57', '60e999ba3e273ed36f6527f6cb7c7ecd', 'tupler', '4');
INSERT INTO ratings (submission_id, url, username, rating) VALUES ('58', '60e999ba3e273ed36f6527f6cb7c7ecd', 'kicker', '5');
INSERT INTO ratings (submission_id, url, username, rating) VALUES ('58', '60e999ba3e273ed36f6527f6cb7c7ecd', 'concerned', '3');
INSERT INTO ratings (submission_id, url, username, rating) VALUES ('59', '60e999ba3e273ed36f6527f6cb7c7ecd', 'arbil', '2');
INSERT INTO ratings (submission_id, url, username, rating) VALUES ('60', '60e999ba3e273ed36f6527f6cb7c7ecd', 'undercroft', '1');
INSERT INTO ratings (submission_id, url, username, rating) VALUES ('60', '60e999ba3e273ed36f6527f6cb7c7ecd', 'kariekaril', '2');
INSERT INTO ratings (submission_id, url, username, rating) VALUES ('60', '60e999ba3e273ed36f6527f6cb7c7ecd', 'claude', '5');
INSERT INTO ratings (submission_id, url, username, rating) VALUES ('61', '5eb605178bffa6089a5d647a5ae85578', 'natal', '4');
INSERT INTO ratings (submission_id, url, username, rating) VALUES ('61', '5eb605178bffa6089a5d647a5ae85578', 'roughhouse', '4');
INSERT INTO ratings (submission_id, url, username, rating) VALUES ('62', '60e999ba3e273ed36f6527f6cb7c7ecd', 'pouter', '4');
INSERT INTO ratings (submission_id, url, username, rating) VALUES ('62', '60e999ba3e273ed36f6527f6cb7c7ecd', 'lethia', '1');
INSERT INTO ratings (submission_id, url, username, rating) VALUES ('62', '60e999ba3e273ed36f6527f6cb7c7ecd', 'waiter', '4');
INSERT INTO ratings (submission_id, url, username, rating) VALUES ('63', '8c025dde8ae6fb41ff1560a197ee198b', 'roddie', '3');
INSERT INTO ratings (submission_id, url, username, rating) VALUES ('63', '8c025dde8ae6fb41ff1560a197ee198b', 'montenegro', '2');
INSERT INTO ratings (submission_id, url, username, rating) VALUES ('64', '5eb605178bffa6089a5d647a5ae85578', 'interlanguage', '5');
INSERT INTO ratings (submission_id, url, username, rating) VALUES ('64', '5eb605178bffa6089a5d647a5ae85578', 'blindstory', '1');
INSERT INTO ratings (submission_id, url, username, rating) VALUES ('64', '5eb605178bffa6089a5d647a5ae85578', 'nicely', '3');
INSERT INTO ratings (submission_id, url, username, rating) VALUES ('65', '8c025dde8ae6fb41ff1560a197ee198b', 'protasis', '1');
INSERT INTO ratings (submission_id, url, username, rating) VALUES ('66', '5eb605178bffa6089a5d647a5ae85578', 'quodlibet', '4');
INSERT INTO ratings (submission_id, url, username, rating) VALUES ('67', '60e999ba3e273ed36f6527f6cb7c7ecd', 'kine', '4');
INSERT INTO ratings (submission_id, url, username, rating) VALUES ('68', '8c025dde8ae6fb41ff1560a197ee198b', 'miler', '4');
INSERT INTO ratings (submission_id, url, username, rating) VALUES ('68', '8c025dde8ae6fb41ff1560a197ee198b', 'jerejereld', '1');
INSERT INTO ratings (submission_id, url, username, rating) VALUES ('68', '8c025dde8ae6fb41ff1560a197ee198b', 'arbil', '2');
INSERT INTO ratings (submission_id, url, username, rating) VALUES ('69', '8c025dde8ae6fb41ff1560a197ee198b', 'waiter', '5');
INSERT INTO ratings (submission_id, url, username, rating) VALUES ('70', '8c025dde8ae6fb41ff1560a197ee198b', 'blindstory', '2');
INSERT INTO ratings (submission_id, url, username, rating) VALUES ('70', '8c025dde8ae6fb41ff1560a197ee198b', 'waiter', '3');
INSERT INTO ratings (submission_id, url, username, rating) VALUES ('71', '60e999ba3e273ed36f6527f6cb7c7ecd', 'smallpox', '1');
INSERT INTO ratings (submission_id, url, username, rating) VALUES ('72', '60e999ba3e273ed36f6527f6cb7c7ecd', 'smallpox', '2');
INSERT INTO ratings (submission_id, url, username, rating) VALUES ('72', '60e999ba3e273ed36f6527f6cb7c7ecd', 'roughhouse', '1');
INSERT INTO ratings (submission_id, url, username, rating) VALUES ('72', '60e999ba3e273ed36f6527f6cb7c7ecd', 'pouter', '5');
INSERT INTO ratings (submission_id, url, username, rating) VALUES ('73', '5eb605178bffa6089a5d647a5ae85578', 'flunkey', '2');
INSERT INTO ratings (submission_id, url, username, rating) VALUES ('73', '5eb605178bffa6089a5d647a5ae85578', 'blindstory', '3');
INSERT INTO ratings (submission_id, url, username, rating) VALUES ('74', '8c025dde8ae6fb41ff1560a197ee198b', 'dinorahdinosaur', '1');
INSERT INTO ratings (submission_id, url, username, rating) VALUES ('75', '60e999ba3e273ed36f6527f6cb7c7ecd', 'blindstory', '5');
INSERT INTO ratings (submission_id, url, username, rating) VALUES ('76', '5eb605178bffa6089a5d647a5ae85578', 'quodlibet', '3');
INSERT INTO ratings (submission_id, url, username, rating) VALUES ('76', '5eb605178bffa6089a5d647a5ae85578', 'miler', '3');
INSERT INTO ratings (submission_id, url, username, rating) VALUES ('77', '8c025dde8ae6fb41ff1560a197ee198b', 'concerned', '5');
INSERT INTO ratings (submission_id, url, username, rating) VALUES ('77', '8c025dde8ae6fb41ff1560a197ee198b', 'jakejakes', '2');
INSERT INTO ratings (submission_id, url, username, rating) VALUES ('77', '8c025dde8ae6fb41ff1560a197ee198b', 'quodlibet', '2');
INSERT INTO ratings (submission_id, url, username, rating) VALUES ('78', '5eb605178bffa6089a5d647a5ae85578', 'hophead', '3');
INSERT INTO ratings (submission_id, url, username, rating) VALUES ('78', '5eb605178bffa6089a5d647a5ae85578', 'uis', '2');
INSERT INTO ratings (submission_id, url, username, rating) VALUES ('78', '5eb605178bffa6089a5d647a5ae85578', 'balikpapan', '1');
INSERT INTO ratings (submission_id, url, username, rating) VALUES ('79', '60e999ba3e273ed36f6527f6cb7c7ecd', 'manager', '2');
INSERT INTO ratings (submission_id, url, username, rating) VALUES ('79', '60e999ba3e273ed36f6527f6cb7c7ecd', 'homeland', '5');
INSERT INTO ratings (submission_id, url, username, rating) VALUES ('79', '60e999ba3e273ed36f6527f6cb7c7ecd', 'uis', '5');
INSERT INTO ratings (submission_id, url, username, rating) VALUES ('80', '60e999ba3e273ed36f6527f6cb7c7ecd', 'jakejakes', '5');
INSERT INTO ratings (submission_id, url, username, rating) VALUES ('80', '60e999ba3e273ed36f6527f6cb7c7ecd', 'kine', '3');
INSERT INTO ratings (submission_id, url, username, rating) VALUES ('81', '5eb605178bffa6089a5d647a5ae85578', 'claude', '5');
INSERT INTO ratings (submission_id, url, username, rating) VALUES ('81', '5eb605178bffa6089a5d647a5ae85578', 'pouter', '1');
INSERT INTO ratings (submission_id, url, username, rating) VALUES ('82', '8c025dde8ae6fb41ff1560a197ee198b', 'lethia', '5');
INSERT INTO ratings (submission_id, url, username, rating) VALUES ('82', '8c025dde8ae6fb41ff1560a197ee198b', 'arbil', '4');
INSERT INTO ratings (submission_id, url, username, rating) VALUES ('83', '5eb605178bffa6089a5d647a5ae85578', 'kine', '1');
INSERT INTO ratings (submission_id, url, username, rating) VALUES ('83', '5eb605178bffa6089a5d647a5ae85578', 'nicely', '2');
INSERT INTO ratings (submission_id, url, username, rating) VALUES ('84', '8c025dde8ae6fb41ff1560a197ee198b', 'undercroft', '1');
INSERT INTO ratings (submission_id, url, username, rating) VALUES ('84', '8c025dde8ae6fb41ff1560a197ee198b', 'natal', '3');
INSERT INTO ratings (submission_id, url, username, rating) VALUES ('84', '8c025dde8ae6fb41ff1560a197ee198b', 'manager', '2');
INSERT INTO ratings (submission_id, url, username, rating) VALUES ('85', '60e999ba3e273ed36f6527f6cb7c7ecd', 'protasis', '4');
INSERT INTO ratings (submission_id, url, username, rating) VALUES ('86', '5eb605178bffa6089a5d647a5ae85578', 'zamarripa', '1');
INSERT INTO ratings (submission_id, url, username, rating) VALUES ('86', '5eb605178bffa6089a5d647a5ae85578', 'miler', '2');
INSERT INTO ratings (submission_id, url, username, rating) VALUES ('86', '5eb605178bffa6089a5d647a5ae85578', 'jakejakes', '2');
INSERT INTO ratings (submission_id, url, username, rating) VALUES ('87', '60e999ba3e273ed36f6527f6cb7c7ecd', 'pouter', '1');
INSERT INTO ratings (submission_id, url, username, rating) VALUES ('87', '60e999ba3e273ed36f6527f6cb7c7ecd', 'tupler', '5');
INSERT INTO ratings (submission_id, url, username, rating) VALUES ('88', '60e999ba3e273ed36f6527f6cb7c7ecd', 'waiter', '5');
INSERT INTO ratings (submission_id, url, username, rating) VALUES ('88', '60e999ba3e273ed36f6527f6cb7c7ecd', 'manager', '4');
INSERT INTO ratings (submission_id, url, username, rating) VALUES ('89', '8c025dde8ae6fb41ff1560a197ee198b', 'interlanguage', '4');
INSERT INTO ratings (submission_id, url, username, rating) VALUES ('89', '8c025dde8ae6fb41ff1560a197ee198b', 'homeland', '1');
INSERT INTO ratings (submission_id, url, username, rating) VALUES ('89', '8c025dde8ae6fb41ff1560a197ee198b', 'quodlibet', '2');
INSERT INTO ratings (submission_id, url, username, rating) VALUES ('90', '5eb605178bffa6089a5d647a5ae85578', 'dinorahdinosaur', '2');
INSERT INTO ratings (submission_id, url, username, rating) VALUES ('90', '5eb605178bffa6089a5d647a5ae85578', 'roddie', '3');
INSERT INTO ratings (submission_id, url, username, rating) VALUES ('91', '8c025dde8ae6fb41ff1560a197ee198b', 'smallpox', '2');
INSERT INTO ratings (submission_id, url, username, rating) VALUES ('91', '8c025dde8ae6fb41ff1560a197ee198b', 'martyrize', '2');
INSERT INTO ratings (submission_id, url, username, rating) VALUES ('91', '8c025dde8ae6fb41ff1560a197ee198b', 'miler', '1');
INSERT INTO ratings (submission_id, url, username, rating) VALUES ('92', '8c025dde8ae6fb41ff1560a197ee198b', 'decani', '5');
INSERT INTO ratings (submission_id, url, username, rating) VALUES ('92', '8c025dde8ae6fb41ff1560a197ee198b', 'montenegro', '4');
INSERT INTO ratings (submission_id, url, username, rating) VALUES ('93', '8c025dde8ae6fb41ff1560a197ee198b', 'roddie', '5');
INSERT INTO ratings (submission_id, url, username, rating) VALUES ('93', '8c025dde8ae6fb41ff1560a197ee198b', 'kicker', '5');
INSERT INTO ratings (submission_id, url, username, rating) VALUES ('94', '5eb605178bffa6089a5d647a5ae85578', 'pouter', '1');
INSERT INTO ratings (submission_id, url, username, rating) VALUES ('94', '5eb605178bffa6089a5d647a5ae85578', 'jerejereld', '3');
INSERT INTO ratings (submission_id, url, username, rating) VALUES ('94', '5eb605178bffa6089a5d647a5ae85578', 'kariekaril', '4');
INSERT INTO ratings (submission_id, url, username, rating) VALUES ('95', '5eb605178bffa6089a5d647a5ae85578', 'quodlibet', '4');
INSERT INTO ratings (submission_id, url, username, rating) VALUES ('95', '5eb605178bffa6089a5d647a5ae85578', 'homeland', '2');
INSERT INTO ratings (submission_id, url, username, rating) VALUES ('96', '5eb605178bffa6089a5d647a5ae85578', 'miler', '5');
INSERT INTO ratings (submission_id, url, username, rating) VALUES ('96', '5eb605178bffa6089a5d647a5ae85578', 'claude', '4');
INSERT INTO ratings (submission_id, url, username, rating) VALUES ('96', '5eb605178bffa6089a5d647a5ae85578', 'quodlibet', '5');
INSERT INTO ratings (submission_id, url, username, rating) VALUES ('97', '8c025dde8ae6fb41ff1560a197ee198b', 'miler', '2');
INSERT INTO ratings (submission_id, url, username, rating) VALUES ('98', '60e999ba3e273ed36f6527f6cb7c7ecd', 'concerned', '3');
INSERT INTO ratings (submission_id, url, username, rating) VALUES ('98', '60e999ba3e273ed36f6527f6cb7c7ecd', 'roughhouse', '3');
INSERT INTO ratings (submission_id, url, username, rating) VALUES ('99', '5eb605178bffa6089a5d647a5ae85578', 'protasis', '1');
INSERT INTO ratings (submission_id, url, username, rating) VALUES ('99', '5eb605178bffa6089a5d647a5ae85578', 'undercroft', '1');
INSERT INTO ratings (submission_id, url, username, rating) VALUES ('99', '5eb605178bffa6089a5d647a5ae85578', 'dinorahdinosaur', '2');
INSERT INTO ratings (submission_id, url, username, rating) VALUES ('100', '5eb605178bffa6089a5d647a5ae85578', 'kine', '1');
INSERT INTO ratings (submission_id, url, username, rating) VALUES ('100', '5eb605178bffa6089a5d647a5ae85578', 'roddie', '2');
INSERT INTO ratings (submission_id, url, username, rating) VALUES ('101', '5eb605178bffa6089a5d647a5ae85578', 'kommunarsk', '3');
INSERT INTO ratings (submission_id, url, username, rating) VALUES ('101', '5eb605178bffa6089a5d647a5ae85578', 'miler', '1');
INSERT INTO ratings (submission_id, url, username, rating) VALUES ('101', '5eb605178bffa6089a5d647a5ae85578', 'natal', '3');
INSERT INTO ratings (submission_id, url, username, rating) VALUES ('102', '8c025dde8ae6fb41ff1560a197ee198b', 'claude', '4');
INSERT INTO ratings (submission_id, url, username, rating) VALUES ('102', '8c025dde8ae6fb41ff1560a197ee198b', 'homeland', '3');
INSERT INTO ratings (submission_id, url, username, rating) VALUES ('102', '8c025dde8ae6fb41ff1560a197ee198b', 'uis', '3');
INSERT INTO ratings (submission_id, url, username, rating) VALUES ('103', '8c025dde8ae6fb41ff1560a197ee198b', 'decani', '3');
INSERT INTO ratings (submission_id, url, username, rating) VALUES ('104', '8c025dde8ae6fb41ff1560a197ee198b', 'jerejereld', '5');
INSERT INTO ratings (submission_id, url, username, rating) VALUES ('105', '8c025dde8ae6fb41ff1560a197ee198b', 'culver', '4');
INSERT INTO ratings (submission_id, url, username, rating) VALUES ('105', '8c025dde8ae6fb41ff1560a197ee198b', 'flunkey', '3');
INSERT INTO ratings (submission_id, url, username, rating) VALUES ('105', '8c025dde8ae6fb41ff1560a197ee198b', 'quodlibet', '1');
INSERT INTO ratings (submission_id, url, username, rating) VALUES ('106', '8c025dde8ae6fb41ff1560a197ee198b', 'jerejereld', '4');
INSERT INTO ratings (submission_id, url, username, rating) VALUES ('106', '8c025dde8ae6fb41ff1560a197ee198b', 'concerned', '3');
INSERT INTO ratings (submission_id, url, username, rating) VALUES ('106', '8c025dde8ae6fb41ff1560a197ee198b', 'kommunarsk', '1');
INSERT INTO ratings (submission_id, url, username, rating) VALUES ('107', '5eb605178bffa6089a5d647a5ae85578', 'dinorahdinosaur', '2');
INSERT INTO ratings (submission_id, url, username, rating) VALUES ('108', '5eb605178bffa6089a5d647a5ae85578', 'smallpox', '3');
INSERT INTO ratings (submission_id, url, username, rating) VALUES ('109', '60e999ba3e273ed36f6527f6cb7c7ecd', 'smallpox', '2');
INSERT INTO ratings (submission_id, url, username, rating) VALUES ('110', '8c025dde8ae6fb41ff1560a197ee198b', 'kine', '5');
INSERT INTO ratings (submission_id, url, username, rating) VALUES ('110', '8c025dde8ae6fb41ff1560a197ee198b', 'roddie', '4');
INSERT INTO ratings (submission_id, url, username, rating) VALUES ('110', '8c025dde8ae6fb41ff1560a197ee198b', 'decani', '1');
INSERT INTO ratings (submission_id, url, username, rating) VALUES ('111', '8c025dde8ae6fb41ff1560a197ee198b', 'decollate', '5');
INSERT INTO ratings (submission_id, url, username, rating) VALUES ('112', '5eb605178bffa6089a5d647a5ae85578', 'roddie', '4');
INSERT INTO ratings (submission_id, url, username, rating) VALUES ('113', '5eb605178bffa6089a5d647a5ae85578', 'manager', '3');
INSERT INTO ratings (submission_id, url, username, rating) VALUES ('114', '5eb605178bffa6089a5d647a5ae85578', 'kine', '4');
INSERT INTO ratings (submission_id, url, username, rating) VALUES ('115', '60e999ba3e273ed36f6527f6cb7c7ecd', 'valueless', '2');
INSERT INTO ratings (submission_id, url, username, rating) VALUES ('115', '60e999ba3e273ed36f6527f6cb7c7ecd', 'pouter', '1');
INSERT INTO ratings (submission_id, url, username, rating) VALUES ('115', '60e999ba3e273ed36f6527f6cb7c7ecd', 'roughhouse', '2');
INSERT INTO ratings (submission_id, url, username, rating) VALUES ('116', '5eb605178bffa6089a5d647a5ae85578', 'montenegro', '4');
INSERT INTO ratings (submission_id, url, username, rating) VALUES ('116', '5eb605178bffa6089a5d647a5ae85578', 'protasis', '1');
INSERT INTO ratings (submission_id, url, username, rating) VALUES ('117', '5eb605178bffa6089a5d647a5ae85578', 'miler', '2');
INSERT INTO ratings (submission_id, url, username, rating) VALUES ('117', '5eb605178bffa6089a5d647a5ae85578', 'lethia', '3');
INSERT INTO ratings (submission_id, url, username, rating) VALUES ('118', '5eb605178bffa6089a5d647a5ae85578', 'culver', '2');
INSERT INTO ratings (submission_id, url, username, rating) VALUES ('118', '5eb605178bffa6089a5d647a5ae85578', 'homeland', '3');
INSERT INTO ratings (submission_id, url, username, rating) VALUES ('118', '5eb605178bffa6089a5d647a5ae85578', 'concerned', '3');
INSERT INTO ratings (submission_id, url, username, rating) VALUES ('119', '5eb605178bffa6089a5d647a5ae85578', 'valueless', '5');
INSERT INTO ratings (submission_id, url, username, rating) VALUES ('119', '5eb605178bffa6089a5d647a5ae85578', 'homeland', '3');
INSERT INTO ratings (submission_id, url, username, rating) VALUES ('120', '5eb605178bffa6089a5d647a5ae85578', 'nicely', '4');
INSERT INTO ratings (submission_id, url, username, rating) VALUES ('121', '5eb605178bffa6089a5d647a5ae85578', 'kicker', '3');
INSERT INTO ratings (submission_id, url, username, rating) VALUES ('122', '60e999ba3e273ed36f6527f6cb7c7ecd', 'dinorahdinosaur', '5');
INSERT INTO ratings (submission_id, url, username, rating) VALUES ('122', '60e999ba3e273ed36f6527f6cb7c7ecd', 'concerned', '1');
INSERT INTO ratings (submission_id, url, username, rating) VALUES ('123', '8c025dde8ae6fb41ff1560a197ee198b', 'dinorahdinosaur', '4');
INSERT INTO ratings (submission_id, url, username, rating) VALUES ('123', '8c025dde8ae6fb41ff1560a197ee198b', 'natal', '4');
INSERT INTO ratings (submission_id, url, username, rating) VALUES ('124', '8c025dde8ae6fb41ff1560a197ee198b', 'kariekaril', '4');
INSERT INTO ratings (submission_id, url, username, rating) VALUES ('124', '8c025dde8ae6fb41ff1560a197ee198b', 'flunkey', '5');
INSERT INTO ratings (submission_id, url, username, rating) VALUES ('125', '60e999ba3e273ed36f6527f6cb7c7ecd', 'waiter', '2');
INSERT INTO ratings (submission_id, url, username, rating) VALUES ('125', '60e999ba3e273ed36f6527f6cb7c7ecd', 'decollate', '4');
INSERT INTO ratings (submission_id, url, username, rating) VALUES ('125', '60e999ba3e273ed36f6527f6cb7c7ecd', 'jerejereld', '3');
INSERT INTO ratings (submission_id, url, username, rating) VALUES ('126', '8c025dde8ae6fb41ff1560a197ee198b', 'badger', '4');
INSERT INTO ratings (submission_id, url, username, rating) VALUES ('126', '8c025dde8ae6fb41ff1560a197ee198b', 'quodlibet', '5');
INSERT INTO ratings (submission_id, url, username, rating) VALUES ('127', '5eb605178bffa6089a5d647a5ae85578', 'decollate', '4');
INSERT INTO ratings (submission_id, url, username, rating) VALUES ('128', '8c025dde8ae6fb41ff1560a197ee198b', 'balikpapan', '5');
INSERT INTO ratings (submission_id, url, username, rating) VALUES ('129', '8c025dde8ae6fb41ff1560a197ee198b', 'smallpox', '2');
INSERT INTO ratings (submission_id, url, username, rating) VALUES ('129', '8c025dde8ae6fb41ff1560a197ee198b', 'waiter', '1');
INSERT INTO ratings (submission_id, url, username, rating) VALUES ('130', '5eb605178bffa6089a5d647a5ae85578', 'flunkey', '1');
INSERT INTO ratings (submission_id, url, username, rating) VALUES ('131', '8c025dde8ae6fb41ff1560a197ee198b', 'roddie', '2');
INSERT INTO ratings (submission_id, url, username, rating) VALUES ('131', '8c025dde8ae6fb41ff1560a197ee198b', 'pouter', '5');
INSERT INTO ratings (submission_id, url, username, rating) VALUES ('131', '8c025dde8ae6fb41ff1560a197ee198b', 'miler', '2');
INSERT INTO ratings (submission_id, url, username, rating) VALUES ('132', '5eb605178bffa6089a5d647a5ae85578', 'jerejereld', '1');
INSERT INTO ratings (submission_id, url, username, rating) VALUES ('132', '5eb605178bffa6089a5d647a5ae85578', 'valueless', '2');
INSERT INTO ratings (submission_id, url, username, rating) VALUES ('133', '60e999ba3e273ed36f6527f6cb7c7ecd', 'martyrize', '3');
INSERT INTO ratings (submission_id, url, username, rating) VALUES ('133', '60e999ba3e273ed36f6527f6cb7c7ecd', 'kommunarsk', '1');
INSERT INTO ratings (submission_id, url, username, rating) VALUES ('133', '60e999ba3e273ed36f6527f6cb7c7ecd', 'dinorahdinosaur', '2');
INSERT INTO ratings (submission_id, url, username, rating) VALUES ('134', '5eb605178bffa6089a5d647a5ae85578', 'kommunarsk', '4');
INSERT INTO ratings (submission_id, url, username, rating) VALUES ('134', '5eb605178bffa6089a5d647a5ae85578', 'claude', '2');
INSERT INTO ratings (submission_id, url, username, rating) VALUES ('134', '5eb605178bffa6089a5d647a5ae85578', 'natal', '3');
INSERT INTO ratings (submission_id, url, username, rating) VALUES ('135', '60e999ba3e273ed36f6527f6cb7c7ecd', 'manager', '4');
INSERT INTO ratings (submission_id, url, username, rating) VALUES ('135', '60e999ba3e273ed36f6527f6cb7c7ecd', 'undercroft', '2');
INSERT INTO ratings (submission_id, url, username, rating) VALUES ('135', '60e999ba3e273ed36f6527f6cb7c7ecd', 'culver', '2');
INSERT INTO ratings (submission_id, url, username, rating) VALUES ('136', '5eb605178bffa6089a5d647a5ae85578', 'protasis', '1');
INSERT INTO ratings (submission_id, url, username, rating) VALUES ('136', '5eb605178bffa6089a5d647a5ae85578', 'kicker', '2');
INSERT INTO ratings (submission_id, url, username, rating) VALUES ('136', '5eb605178bffa6089a5d647a5ae85578', 'undercroft', '4');
INSERT INTO ratings (submission_id, url, username, rating) VALUES ('137', '5eb605178bffa6089a5d647a5ae85578', 'claude', '2');
INSERT INTO ratings (submission_id, url, username, rating) VALUES ('137', '5eb605178bffa6089a5d647a5ae85578', 'dinorahdinosaur', '5');
INSERT INTO ratings (submission_id, url, username, rating) VALUES ('138', '5eb605178bffa6089a5d647a5ae85578', 'uis', '1');
INSERT INTO ratings (submission_id, url, username, rating) VALUES ('138', '5eb605178bffa6089a5d647a5ae85578', 'nicely', '2');
INSERT INTO ratings (submission_id, url, username, rating) VALUES ('139', '8c025dde8ae6fb41ff1560a197ee198b', 'undercroft', '1');
INSERT INTO ratings (submission_id, url, username, rating) VALUES ('139', '8c025dde8ae6fb41ff1560a197ee198b', 'decollate', '2');
INSERT INTO ratings (submission_id, url, username, rating) VALUES ('140', '8c025dde8ae6fb41ff1560a197ee198b', 'scrappy', '1');
INSERT INTO ratings (submission_id, url, username, rating) VALUES ('141', '8c025dde8ae6fb41ff1560a197ee198b', 'martyrize', '3');
INSERT INTO ratings (submission_id, url, username, rating) VALUES ('141', '8c025dde8ae6fb41ff1560a197ee198b', 'zamarripa', '3');
INSERT INTO ratings (submission_id, url, username, rating) VALUES ('142', '8c025dde8ae6fb41ff1560a197ee198b', 'zamarripa', '2');
INSERT INTO ratings (submission_id, url, username, rating) VALUES ('142', '8c025dde8ae6fb41ff1560a197ee198b', 'kommunarsk', '3');
INSERT INTO ratings (submission_id, url, username, rating) VALUES ('142', '8c025dde8ae6fb41ff1560a197ee198b', 'uis', '5');
INSERT INTO ratings (submission_id, url, username, rating) VALUES ('143', '60e999ba3e273ed36f6527f6cb7c7ecd', 'natal', '4');
INSERT INTO ratings (submission_id, url, username, rating) VALUES ('143', '60e999ba3e273ed36f6527f6cb7c7ecd', 'claude', '1');
INSERT INTO ratings (submission_id, url, username, rating) VALUES ('143', '60e999ba3e273ed36f6527f6cb7c7ecd', 'tupler', '2');
INSERT INTO ratings (submission_id, url, username, rating) VALUES ('144', '5eb605178bffa6089a5d647a5ae85578', 'uis', '2');
INSERT INTO ratings (submission_id, url, username, rating) VALUES ('145', '8c025dde8ae6fb41ff1560a197ee198b', 'blindstory', '5');
INSERT INTO ratings (submission_id, url, username, rating) VALUES ('146', '60e999ba3e273ed36f6527f6cb7c7ecd', 'dinorahdinosaur', '2');
INSERT INTO ratings (submission_id, url, username, rating) VALUES ('147', '60e999ba3e273ed36f6527f6cb7c7ecd', 'scrappy', '5');
INSERT INTO ratings (submission_id, url, username, rating) VALUES ('148', '5eb605178bffa6089a5d647a5ae85578', 'valueless', '1');
INSERT INTO ratings (submission_id, url, username, rating) VALUES ('148', '5eb605178bffa6089a5d647a5ae85578', 'kariekaril', '5');
INSERT INTO ratings (submission_id, url, username, rating) VALUES ('148', '5eb605178bffa6089a5d647a5ae85578', 'badger', '4');
INSERT INTO ratings (submission_id, url, username, rating) VALUES ('149', '8c025dde8ae6fb41ff1560a197ee198b', 'pouter', '3');
INSERT INTO ratings (submission_id, url, username, rating) VALUES ('149', '8c025dde8ae6fb41ff1560a197ee198b', 'concerned', '2');
INSERT INTO ratings (submission_id, url, username, rating) VALUES ('149', '8c025dde8ae6fb41ff1560a197ee198b', 'claude', '3');
INSERT INTO ratings (submission_id, url, username, rating) VALUES ('150', '5eb605178bffa6089a5d647a5ae85578', 'blindstory', '1');
INSERT INTO ratings (submission_id, url, username, rating) VALUES ('150', '5eb605178bffa6089a5d647a5ae85578', 'jerejereld', '1');
INSERT INTO ratings (submission_id, url, username, rating) VALUES ('150', '5eb605178bffa6089a5d647a5ae85578', 'uis', '5');
